Date,Oprice,MaxPrice,MinPrice,CPrice
20080102,5349.763,5404.928,5283.448,5385.103
20080103,5381.147,5422.673,5315.948,5422.034
20080104,5430.63,5499.085,5422.456,5483.65
20080107,5480.442,5569.152,5455.501,5556.593
20080108,5575.95,5630.624,5485.234,5528.054
20080109,5507.116,5614.678,5490.305,5613.758
20080110,5631.645,5707.667,5602.594,5672.154
20080111,5688.563,5702.572,5629.638,5699.147
20080114,5717.525,5756.919,5679.287,5731.757
20080115,5743.431,5754.107,5652.04,5696.45
20080116,5642.566,5642.566,5498.39,5505.717
20080117,5445.803,5533.65,5226.639,5365.624
20080118,5358.183,5419.57,5307.496,5414.468
20080121,5424.64,5434.349,5122.463,5145.734
20080122,5015.428,5032.245,4708.388,4753.868
20080123,4787.171,4976.272,4751.499,4975.111
20080124,5034.533,5079.796,4926.374,5027.213
20080125,5022.896,5121.408,4966.519,5077.429
20080128,5038.507,5038.507,4711.277,4731.883
20080129,4742.901,4845.658,4688.728,4762.083
20080130,4817.161,4858.101,4606.144,4710.652
20080131,4693.607,4733.699,4614.282,4620.401
20080201,4623.621,4660.994,4414.119,4571.945
20080204,4695.546,4951.248,4695.546,4950.124
20080205,4942.875,4995.574,4878.119,4921.829
20080213,4858.814,4883.244,4785.8,4816.084
20080214,4858.849,4913.318,4842.847,4880.252
20080215,4846.024,4846.024,4742.101,4813.311
20080218,4875.215,4944.88,4845.308,4910.992
20080219,4926.839,5020.753,4885.695,5020.753
20080220,5032.777,5062.261,4901.661,4908.717
20080221,4878.569,4924.449,4796.099,4876.03
20080222,4850.882,4850.882,4649.813,4702.241
20080225,4704.316,4722.636,4510.695,4519.783
20080226,4637.6,4668.831,4394.594,4515.533
20080227,4543.097,4660.408,4500.89,4639.768
20080228,4651.157,4670.173,4582.823,4622.056
20080229,4616.24,4683.159,4597.627,4674.55
20080303,4648.735,4803.9,4611.7,4790.744
20080304,4813.401,4836.657,4657.381,4671.148
20080305,4650.518,4689.967,4519.743,4628.724
20080306,4645.069,4746.584,4592.621,4685.03
20080307,4641.755,4693.207,4597.009,4621.685
20080310,4588.727,4588.765,4406.232,4431.589
20080311,4393.282,4441.184,4315.183,4441.184
20080312,4534.811,4553.336,4308.35,4309.648
20080313,4266.273,4296.364,4121.275,4198.96
20080314,4179.438,4212.408,4092.791,4157.871
20080317,4138.877,4138.877,3958.292,3965.279
20080318,3924.87,3996.959,3700.35,3763.948
20080319,3837.603,3954.466,3776.301,3888.861
20080320,3833.205,4044.692,3658.04,4001.832
20080321,3998.197,4083.163,3958.967,4037.83
20080324,4086.07,4103.574,3857.091,3857.091
20080325,3780.459,3937.671,3747.019,3905.774
20080326,3926.864,4001.552,3888.018,3914.37
20080327,3847.439,3873.611,3745.879,3748.92
20080328,3712.98,3925.856,3661.381,3918.156
20080331,3802.206,3891.66,3780.122,3790.53
20080401,3776.268,3815.157,3566.209,3582.855
20080402,3621.388,3698.526,3493.184,3547.977
20080403,3518.223,3665.651,3457.617,3650.698
20080407,3611.958,3854.068,3578.377,3845.822
20080408,3852.011,3935.333,3820.1,3891.059
20080409,3857.275,3911.697,3687.597,3688.125
20080410,3641.66,3754.715,3608.316,3754.715
20080411,3794.297,3825.295,3755.015,3783.728
20080414,3699.142,3710.786,3525.185,3536.327
20080415,3513.068,3583.861,3417.249,3583.299
20080416,3573.664,3583.808,3483.185,3494.016
20080417,3493.238,3559.1,3340.875,3386.63
20080418,3356.562,3390.551,3248.528,3272.499
20080421,3516.425,3516.425,3223.886,3267.554
20080422,3207.881,3301.548,3122.39,3296.277
20080423,3267.359,3467.431,3245.296,3453.727
20080424,3739.321,3781.477,3659.726,3774.504
20080425,3781.912,3915.841,3737.984,3803.07
20080428,3740.951,3791.77,3711.185,3729.154
20080429,3704.927,3797.528,3702.021,3776.943
20080430,3793.853,3970.575,3793.853,3959.119
20080505,4015.212,4061.472,3972.561,4055.779
20080506,4021.073,4075.575,3961.344,4010.888
20080507,3986.129,4042.407,3821.107,3821.319
20080508,3774.044,3926.004,3761.28,3925.041
20080509,3960.886,3973.058,3806.519,3878.924
20080512,3804.985,3952.789,3766.577,3904.92
20080513,3786.534,3923.171,3778.718,3851.687
20080514,3843.47,3975.795,3843.47,3975.782
20080515,4006.658,4038.852,3948.062,3948.088
20080516,3948.034,3982.221,3882.895,3936.121
20080519,3926.314,3936.277,3865.5,3914.072
20080520,3911.096,3946.441,3698.554,3710.818
20080521,3668.181,3801.067,3591.566,3783.049
20080522,3732.641,3783.849,3704.157,3711.444
20080523,3697.89,3741.06,3629.009,3675.147
20080526,3643.012,3643.012,3555.762,3559.217
20080527,3549.986,3594.657,3533.466,3576.197
20080528,3583.284,3697.996,3561.733,3676.23
20080529,3666.196,3677.02,3578.732,3580.868
20080530,3585.605,3620.225,3552.662,3611.33
20080602,3600.234,3650.478,3580.58,3625.826
20080603,3624.572,3641.429,3585.124,3614.111
20080604,3601.54,3605.058,3513.641,3546.916
20080605,3529.978,3542.244,3487.792,3512.138
20080606,3519.116,3532.297,3470.563,3489.502
20080610,3344.453,3352.321,3188.796,3206.562
20080611,3155.943,3181.818,3097.395,3140.299
20080612,3123.64,3148.742,3022.876,3084.633
20080613,3087.337,3108.988,2975.661,2979.117
20080616,2981.085,3012.993,2900.075,2952.242
20080617,2950.399,2977.889,2820.643,2842.676
20080618,2820.237,3007.18,2759.107,2991.273
20080619,2967.402,2967.402,2768.225,2773.076
20080620,2795.465,2946.939,2691.868,2849.668
20080623,2798.428,2845.479,2771.363,2789.941
20080624,2775.69,2865.903,2770.987,2851.915
20080625,2844.922,2973.173,2834.945,2969.537
20080626,2964.516,3010.278,2922.786,2980.907
20080627,2886.18,2899.836,2787.252,2816.021
20080630,2782.844,2834.272,2747.614,2791.819
20080701,2799.195,2809.381,2690.181,2698.347
20080702,2702.634,2745.939,2670.064,2699.597
20080703,2654.479,2807.682,2617.258,2760.612
20080704,2751.213,2783.847,2716.022,2741.852
20080707,2747.611,2890.985,2747.611,2882.763
20080708,2900.571,2939.143,2841.073,2901.841
20080709,2926.996,3015.271,2926.996,3015.126
20080710,2970.984,3056.905,2950.2,2973.728
20080711,2962.861,2988.197,2913.872,2953.498
20080714,2927.24,2996.592,2917.023,2975.874
20080715,2987.061,2997.666,2849.199,2852.979
20080716,2818.763,2824.881,2702.659,2745.596
20080717,2790.259,2812.992,2705.809,2718.068
20080718,2746.536,2818.064,2690.069,2815.462
20080721,2792.829,2915.293,2780.282,2911.051
20080722,2905.276,2931.447,2890.252,2904.743
20080723,2923.049,2941.972,2879.185,2883.32
20080724,2905.043,2979.748,2902.976,2977.362
20080725,2939.321,2967.719,2916.684,2939.202
20080728,2959.113,2997.604,2946.492,2960.851
20080729,2921.248,2921.248,2881.05,2905.63
20080730,2940.02,2949.943,2866.031,2884.384
20080731,2894.246,2899.069,2804.698,2805.21
20080801,2786.123,2868.679,2748.755,2840.788
20080804,2816.936,2832.895,2767.529,2773.15
20080805,2780.761,2792.742,2695.372,2703.079
20080806,2723.523,2749.099,2679.66,2721.693
20080807,2717.661,2747.884,2683.409,2720.442
20080808,2719.375,2719.375,2581.811,2591.462
20080811,2579.805,2580.72,2442.794,2456.811
20080812,2431.383,2474.324,2413.597,2444.155
20080813,2427.495,2466.086,2369.58,2444.672
20080814,2429.977,2461.238,2410.491,2443.512
20080815,2440.39,2479.151,2412.949,2447.615
20080818,2451.311,2452.626,2312.951,2313.402
20080819,2285.515,2356.191,2273.893,2348.472
20080820,2332.386,2533.303,2312.176,2532.94
20080821,2494.262,2535.862,2438.86,2443.979
20080822,2421.249,2437.432,2362.631,2404.928
20080825,2408.026,2439.907,2373.765,2400.548
20080826,2370.528,2390.655,2306.936,2331.532
20080827,2322.539,2367.717,2291.35,2325.292
20080828,2325.262,2363.563,2316.682,2335.865
20080829,2347.4,2418.051,2339.518,2391.64
20080901,2372.638,2372.638,2297.023,2309.171
20080902,2292.686,2309.206,2268.004,2285.411
20080903,2279.598,2296.032,2219.559,2245.964
20080904,2238.645,2270.411,2216.112,2251.146
20080905,2193.038,2221.093,2172.941,2183.432
20080908,2189.822,2198.761,2119.124,2126.518
20080909,2135.223,2150.988,2111.404,2139.145
20080910,2124.965,2181.253,2099.234,2143.176
20080911,2135.453,2141.995,2067.249,2072.126
20080912,2071.061,2102.979,2066.437,2077.846
20080916,2050.316,2050.316,1987.298,2000.651
20080917,1981.252,2003.908,1923.55,1929.135
20080918,1876.965,1936.735,1804.77,1895.99
20080919,2065.779,2073.113,2046.222,2073.113
20080922,2228.366,2258.424,2130.315,2207.614
20080923,2141.6,2180.368,2118.92,2123.478
20080924,2072.652,2139.222,2050.967,2138.853
20080925,2143.729,2256.271,2139.616,2223.532
20080926,2234.459,2257.161,2192.129,2243.657
20081006,2206.563,2206.563,2128.271,2128.696
20081007,2043.923,2136.124,2024.648,2102.448
20081008,2041.991,2073.067,2000.522,2022.881
20081009,2059.585,2063.304,1993.01,1995.297
20081010,1913.265,1938.215,1881.673,1906.96
20081013,1889.754,1985.63,1841.533,1985.486
20081014,2054.408,2060.488,1934.459,1934.619
20081015,1911.032,1930.634,1892.015,1914.356
20081016,1833.482,1866.902,1818.933,1820.903
20081017,1837.914,1851.332,1805.667,1833.262
20081020,1828.414,1899.347,1802.095,1896.733
20081021,1901.244,1928.194,1880.517,1881.406
20081022,1854.6,1887.305,1832.446,1833.323
20081023,1794.681,1836.413,1779.134,1834.78
20081024,1831.463,1840.884,1769.11,1781.598
20081027,1746.668,1746.668,1652.792,1654.671
20081028,1614.616,1716.306,1607.674,1705.82
20081029,1723.234,1731.256,1657.653,1658.223
20081030,1669.968,1723.929,1646.345,1697.656
20081031,1688.09,1696.647,1655.088,1663.66
20081103,1648.556,1684.559,1643.418,1653.542
20081104,1646.201,1648.451,1606.731,1627.759
20081105,1641.264,1714.661,1641.264,1691.42
20081106,1648.127,1661.441,1638.344,1649.776
20081107,1618.753,1690.105,1612.739,1677.827
20081110,1714.123,1803.119,1714.123,1801.665
20081111,1795.301,1824.929,1778.332,1781.361
20081112,1758.479,1806.23,1754.288,1801.823
20081113,1777.031,1891.942,1765.635,1874.082
20081114,1893.309,1943.654,1874.932,1943.654
20081117,1934.737,1987.225,1919.967,1987.225
20081118,1974.378,1994.82,1831.757,1839.819
20081119,1831.597,1959.522,1823.273,1953.163
20081120,1916.7,1976.95,1900.268,1932.428
20081121,1872.265,1968.892,1835.086,1920.735
20081124,1913.993,1923.933,1835.863,1837.642
20081125,1870.055,1883.104,1801.56,1834.294
20081126,1832.114,1865.652,1815.015,1843.495
20081127,1961.891,1969.024,1870.045,1870.473
20081128,1851.103,1866.256,1815.447,1829.924
20081201,1823.769,1864.3,1799.839,1864.205
20081202,1821.543,1891.133,1814.903,1868.631
20081203,1884.601,1952.668,1884.601,1952.668
20081204,1980.445,2046.473,1978.141,1982.928
20081205,1969.741,2014.197,1965.089,2013.175
20081208,2040.474,2095.465,2033.978,2095.036
20081209,2104.124,2107.599,2038.072,2040.847
20081210,2028.514,2096.393,2014.283,2096.393
20081211,2087.43,2107.292,2043.62,2046.337
20081212,2027.069,2038.185,1936.28,1960.38
20081215,1991.551,2006.225,1941.054,1975.034
20081216,1956.995,1994.959,1919.869,1994.45
20081217,2002.029,2030.388,1995.65,2001.42
20081218,2001.048,2045.945,1982.428,2045.102
20081219,2037.369,2075.384,2033.112,2052.114
20081222,2050.77,2055.366,1993.326,2017.549
20081223,2019.231,2019.231,1918.432,1918.955
20081224,1893.225,1912.775,1872.647,1887.075
20081225,1891.526,1902.714,1848.708,1870.765
20081226,1868.344,1881.077,1850.502,1862.096
20081229,1852.413,1861.302,1816.059,1854.757
20081230,1852.949,1867.408,1824.528,1833.435
20081231,1835.105,1844.416,1813.726,1817.722
20090105,1848.326,1882.959,1837.839,1882.959
20090106,1880.672,1948.489,1873.011,1942.795
20090107,1942.671,1959.246,1930.868,1931.178
20090108,1894.664,1902.796,1873.648,1887.991
20090109,1886.488,1923.423,1886.488,1918.365
20090112,1911.736,1947.083,1905.617,1920.687
20090113,1892.655,1908.196,1874.974,1876.185
20090114,1873.626,1955.244,1873.626,1955.244
20090115,1935.386,1977.191,1930.295,1954.874
20090116,1965.44,2026.647,1965.44,1990.214
20090119,2010.579,2052.19,1993.95,2012.465
20090120,2006.525,2025.19,1986.061,2025.19
20090121,1993.67,2047.105,1988.241,2021.71
20090122,2034.286,2048.484,2012.738,2044.551
20090123,2039.522,2054.326,2025.188,2032.682
20090202,2052.439,2059.338,2029.717,2057.063
20090203,2056.795,2108.944,2049.889,2108.91
20090204,2118.563,2166.414,2117.024,2166.414
20090205,2164.546,2211.179,2135.67,2150.971
20090206,2158.084,2240.021,2158.084,2237.28
20090209,2271.593,2307.907,2257.49,2296.672
20090210,2288.071,2327.1,2263.532,2326.755
20090211,2287.232,2381.193,2275.574,2331.138
20090212,2335.401,2344.659,2248.484,2318.343
20090213,2321.56,2402.436,2307.09,2399.065
20090216,2421.187,2462.389,2397.181,2462.245
20090217,2460.569,2470.623,2384.787,2385.293
20090218,2331.662,2369.053,2272.505,2275.843
20090219,2295.653,2324.675,2259.593,2298.412
20090220,2300.806,2344.77,2276.298,2344.32
20090223,2333.809,2419.533,2307.921,2410.481
20090224,2376.697,2411.906,2294.522,2301.849
20090225,2325.039,2337.423,2226.444,2304.251
20090226,2295.426,2332.346,2167.149,2190.185
20090227,2164.54,2186.819,2117.061,2140.489
20090302,2123.367,2177.294,2112.336,2164.666
20090303,2109.841,2168.222,2100.644,2142.154
20090304,2150.239,2290.94,2150.239,2285.149
20090305,2314.079,2340.371,2259.8,2304.919
20090306,2260.756,2313.2,2255.818,2286.576
20090309,2302.011,2333.98,2198.545,2202.527
20090310,2175.306,2241.238,2168.324,2240.782
20090311,2288.053,2292.396,2212.882,2220.38
20090312,2208.041,2220.303,2156.598,2215.7
20090313,2229.25,2250.239,2200.974,2205.422
20090316,2197.248,2247.11,2180.051,2241.614
20090317,2244.11,2329.298,2239.668,2322.403
20090318,2335.417,2370.558,2328.856,2332.652
20090319,2337.524,2386.228,2331.259,2382.564
20090320,2389.892,2397.207,2343.269,2379.838
20090323,2384.67,2448.351,2375.522,2439.395
20090324,2477.567,2483.833,2440.527,2451.783
20090325,2435.633,2472.938,2401.052,2401.327
20090326,2407.762,2479.826,2379.951,2479.789
20090327,2500.998,2516.384,2481.687,2498.931
20090330,2501.312,2508.138,2471.367,2484.487
20090331,2436.778,2507.899,2423.571,2507.789
20090401,2519.886,2566.536,2519.886,2548.222
20090402,2558.768,2599.252,2558.264,2576.4
20090403,2597.916,2612.37,2555.615,2570.503
20090407,2570.625,2597.062,2543.646,2576.95
20090408,2563.722,2573.093,2479.348,2479.348
20090409,2477.419,2517.741,2457.423,2517.669
20090410,2540.108,2595.598,2530.622,2595.53
20090413,2621.979,2668.282,2619.372,2656.518
20090414,2651.197,2682.908,2637.383,2676.872
20090415,2662.728,2690.642,2627.808,2686.99
20090416,2690.515,2706.625,2643.316,2687.106
20090417,2675.668,2693.291,2628.625,2650.691
20090420,2643.726,2708.452,2640.989,2707.667
20090421,2670.277,2697.719,2634.529,2675.442
20090422,2687.857,2713.305,2563.361,2576.281
20090423,2555.527,2604.162,2543.907,2593.564
20090424,2605.703,2609.874,2570.379,2572.888
20090427,2566.92,2576.519,2499.442,2513.292
20090428,2490.526,2531.544,2485.802,2518.531
20090429,2518.854,2615.81,2514.141,2605.37
20090430,2616.485,2640.017,2604.452,2622.926
20090504,2635.129,2715.189,2632.303,2714.301
20090505,2733.107,2751.252,2713.234,2727.014
20090506,2721.817,2771.206,2713.539,2764.979
20090507,2783.577,2797.474,2731.799,2767.076
20090508,2751.499,2800.223,2733.332,2789.219
20090511,2808.139,2839.609,2725.267,2725.316
20090512,2702.742,2788.612,2699.954,2788.562
20090513,2792.42,2822.711,2775.572,2814.005
20090514,2781.048,2804.477,2757.545,2792.597
20090515,2800.571,2815.456,2773.322,2796.116
20090518,2782.585,2813.757,2740.92,2810.573
20090519,2836.337,2849.629,2821.951,2840.084
20090520,2843.545,2849.635,2812.599,2812.865
20090521,2795.828,2808.287,2735.767,2750.01
20090522,2733.017,2762.741,2719.121,2740.677
20090525,2684.213,2761.387,2675.285,2752.716
20090526,2757.31,2762.809,2718.555,2719.764
20090527,2734.418,2768.568,2715.823,2759.712
20090601,2798.927,2864.471,2798.927,2858.342
20090602,2878.528,2892.781,2855.059,2865.099
20090603,2865.732,2939.387,2864.709,2939.387
20090604,2924.267,2961.04,2899.668,2953.751
20090605,2966.065,2975.175,2937.18,2939.306
20090608,2937.635,2978.233,2912.487,2948.478
20090609,2948.949,2960.902,2892.718,2960.556
20090610,2972.423,2995.699,2966.585,2989.595
20090611,2982.969,3000.857,2951.273,2961.629
20090612,2955.569,2976.864,2883.318,2906.286
20090615,2911.423,2967.099,2898.067,2966.192
20090616,2936.508,2979.413,2929.041,2961.22
20090617,2957.576,3017.409,2930.494,3010.588
20090618,3014.437,3061.747,3014.437,3057.428
20090619,3061.903,3086.72,3047.27,3080.001
20090622,3106.387,3116.155,3072.534,3082.563
20090623,3036.404,3128.527,3028.454,3083.895
20090624,3079.495,3121.207,3068.242,3120.73
20090625,3125.662,3141.166,3103.871,3117.921
20090626,3126.228,3137.082,3109.316,3128.421
20090629,3132.113,3182.415,3122.164,3179.972
20090630,3191.641,3195.716,3159.626,3166.474
20090701,3153.537,3238.792,3150.654,3237.903
20090702,3248.204,3285.093,3247.573,3282.359
20090703,3254.93,3327.669,3249.11,3327.135
20090706,3333.096,3378.055,3333.096,3374.753
20090707,3368.33,3393.224,3327.354,3340.493
20090708,3306.428,3368.066,3261.32,3352.269
20090709,3348.221,3396.483,3334.68,3396.304
20090710,3398.911,3428.029,3375.965,3398.31
20090713,3382.574,3403.74,3358.518,3361.011
20090714,3375.873,3454.753,3375.873,3454.753
20090715,3467.132,3497.508,3467.132,3493.305
20090716,3516.778,3543.019,3489.562,3501.24
20090717,3499.51,3527.465,3482.871,3519.809
20090720,3532.519,3594.872,3515.534,3591.123
20090721,3603.402,3610.326,3533.162,3539.832
20090722,3532.632,3607.371,3532.384,3606.924
20090723,3613.598,3653.837,3596.364,3651.969
20090724,3672.206,3687.493,3591.88,3667.556
20090727,3680.15,3744.242,3669.508,3743.626
20090728,3745.549,3756.782,3705.045,3755.818
20090729,3741.784,3765.59,3453.641,3558.508
20090730,3587.047,3656.922,3511.291,3634.818
20090731,3670.191,3735.804,3635.548,3734.622
20090803,3754.218,3789.935,3716.573,3787.033
20090804,3803.061,3803.061,3712.431,3786.615
20090805,3781.401,3789.127,3691.976,3740.936
20090806,3707.907,3739.578,3602.575,3663.12
20090807,3655.462,3686.543,3539.697,3555.095
20090810,3589.716,3613.457,3485.364,3544.539
20090811,3558.645,3569.15,3509.717,3556.375
20090812,3546.5,3546.5,3390.361,3397.4
20090813,3398.889,3448.862,3338.848,3440.82
20090814,3437.951,3454.945,3334.729,3344.462
20090817,3283.436,3319.804,3137.477,3140.271
20090818,3110.708,3186.815,3083.203,3171.986
20090819,3178.281,3183.007,2982.222,3014.568
20090820,3021.251,3146.568,3021.251,3144.39
20090821,3135.373,3221.166,3113.704,3203.624
20090824,3222.397,3241.524,3178.856,3229.6
20090825,3210.851,3210.851,3019.119,3109.83
20090826,3082.68,3203.786,3065.463,3172.386
20090827,3149.566,3212.27,3116.894,3156.301
20090828,3152.037,3168.191,3030.731,3046.781
20090831,3003.543,3003.543,2825.767,2830.271
20090901,2804.584,2901.277,2795.486,2843.7
20090902,2824.641,2904.786,2813.618,2890.926
20090903,2898.449,3059.987,2892.649,3051.964
20090904,3055.347,3099.385,3038.99,3077.142
20090907,3097.789,3153.227,3078.126,3104.208
20090908,3084.199,3170.967,3047.3,3170.967
20090909,3188.311,3207.388,3143.739,3194.909
20090910,3179.187,3204.124,3150.172,3162.914
20090911,3152.815,3253.452,3152.689,3238.133
20090914,3248.348,3298.905,3240.534,3293.394
20090915,3298.81,3325.743,3264.949,3302.642
20090916,3290.387,3296.94,3212.445,3258.236
20090917,3274.582,3329.116,3274.582,3320.096
20090918,3325.061,3330.432,3170.962,3199.689
20090921,3163.512,3210.643,3090.607,3208.604
20090922,3196.009,3237.217,3131.016,3131.026
20090923,3130.142,3159.173,3041.415,3060.069
20090924,3041.82,3122.055,2989.236,3080.926
20090925,3057.106,3090.069,3028.407,3058.528
20090928,3066.368,3088.081,2959.744,2972.643
20090929,2975.531,2998.55,2923.926,2972.286
20090930,2992.98,3033.738,2988.292,3004.805
20091009,3078.753,3164.031,3071.27,3163.708
20091012,3181.581,3193.59,3151.256,3151.632
20091013,3144.022,3199.921,3140.498,3198.517
20091014,3209.065,3276.553,3204.314,3227.399
20091015,3258.546,3287.628,3227.088,3239.643
20091016,3250.102,3268.425,3188.434,3241.709
20091019,3238.848,3330.789,3231.807,3329.158
20091020,3355.358,3379.63,3343.018,3377.574
20091021,3375.027,3414.657,3358.55,3369.285
20091022,3364.145,3381.145,3341.415,3347.32
20091023,3354.984,3436.391,3354.984,3413.252
20091026,3421.696,3432.895,3385.44,3414.239
20091027,3384.294,3392.102,3314.323,3314.722
20091028,3303.773,3337.167,3258.274,3329.327
20091029,3265.186,3291.18,3239.005,3247.051
20091030,3305.376,3329.54,3276.318,3280.372
20091102,3205.835,3394.724,3198.309,3392.803
20091103,3402.528,3447.481,3397.255,3435.425
20091104,3443.517,3476.34,3415.216,3453.888
20091105,3458.865,3471.83,3432.26,3464.318
20091106,3491.075,3506.027,3474.364,3483.021
20091109,3487.107,3495.887,3452.614,3495.788
20091110,3520.395,3532.186,3501.499,3503.776
20091111,3500.586,3514.829,3468.859,3495.674
20091112,3506.952,3529.061,3487.68,3499.992
20091113,3489.538,3518.894,3445.36,3518.722
20091116,3541.053,3625.887,3541.053,3625.798
20091117,3644.962,3649.422,3619.986,3628.354
20091118,3633.851,3652.809,3612.794,3630.229
20091119,3638.073,3653.899,3604.612,3642.437
20091120,3630.576,3658.214,3597.306,3631.013
20091123,3636.529,3666.27,3628.195,3665.509
20091124,3680.746,3698.129,3538.858,3548.08
20091125,3541.512,3630.301,3508.057,3629.629
20091126,3635.79,3646.607,3472.948,3485.773
20091127,3440.343,3480.931,3367.293,3382.51
20091130,3415.077,3511.765,3415.077,3511.669
20091201,3507.559,3566.78,3485.524,3560.831
20091202,3578.869,3607.561,3570.287,3597.329
20091203,3596.952,3603.122,3551.482,3590.876
20091204,3581.627,3646.263,3530.058,3643.491
20091207,3644.625,3672.798,3633.445,3668.832
20091208,3670.807,3671.042,3590.941,3624.019
20091209,3579.282,3603.696,3543.424,3554.478
20091210,3579.826,3601.289,3544.901,3577.237
20091211,3589.408,3614.952,3568.506,3575.02
20091214,3572.531,3623.273,3495.639,3612.753
20091215,3594.51,3620.322,3578.283,3583.341
20091216,3568.28,3610.685,3550.667,3560.723
20091217,3571.052,3582.439,3475.844,3480.153
20091218,3450.045,3453.348,3385.675,3391.735
20091221,3386.326,3404.642,3354.652,3396.622
20091222,3402.228,3404.754,3296.765,3305.543
20091223,3303.729,3342.988,3296.292,3336.48
20091224,3346.763,3445.704,3339.298,3438.817
20091225,3434.326,3441.956,3410.667,3424.783
20091228,3432.82,3489.574,3432.82,3478.433
20091229,3481.903,3501.247,3451.177,3500.737
20091230,3503.816,3561.436,3498.377,3558.857
20091231,3561.367,3579.518,3542.38,3575.684
20100104,3592.468,3597.748,3535.229,3535.229
20100105,3545.186,3577.526,3497.661,3564.038
20100106,3558.7,3588.832,3541.173,3541.727
20100107,3543.16,3558.556,3452.769,3471.456
20100108,3456.908,3482.083,3426.698,3480.13
20100111,3593.106,3594.528,3465.317,3482.052
20100112,3477.842,3535.407,3437.661,3534.916
20100113,3448.291,3490.112,3415.693,3421.144
20100114,3433.472,3470.323,3411.812,3469.051
20100115,3472.524,3500.072,3448.661,3482.738
20100118,3471.777,3501.26,3458.042,3500.684
20100119,3506.806,3528.39,3497.094,3507.482
20100120,3512.246,3515.449,3387.818,3394.434
20100121,3397.043,3425.18,3364.723,3408.574
20100122,3364.452,3390.796,3293.194,3366.197
20100125,3340.013,3372.426,3326.266,3328.014
20100126,3328.113,3341.198,3222.14,3242.797
20100127,3243.038,3255.116,3183.365,3198.566
20100128,3195.289,3220.306,3168.463,3206.57
20100129,3190.315,3249.455,3176.916,3204.155
20100201,3198.23,3198.311,3116.439,3152.707
20100202,3170.778,3211.941,3143.085,3146.189
20100203,3160.712,3231.102,3094.568,3230.715
20100204,3206.431,3242.519,3190.437,3218.802
20100205,3147.721,3177.42,3129.921,3153.087
20100208,3152.253,3172.306,3133.808,3150.988
20100209,3147.761,3178.947,3144.478,3169.19
20100210,3195.142,3214.456,3182.834,3214.13
20100211,3216.688,3238.349,3207.165,3220.398
20100212,3232.879,3253.196,3228.738,3251.278
20100222,3248.947,3261.949,3232.784,3233.345
20100223,3225.393,3225.393,3152.934,3198.634
20100224,3177.082,3244.816,3165.133,3244.483
20100225,3252.153,3294.144,3249.329,3292.128
20100226,3286.095,3301.149,3273.693,3281.666
20100301,3290.007,3330.378,3287.556,3324.423
20100302,3327.103,3339.894,3299.685,3311.236
20100303,3313.023,3335.654,3293.916,3335.081
20100304,3338.674,3345.909,3244.978,3250.573
20100305,3253.164,3276.403,3239.677,3259.764
20100308,3268.397,3293.93,3258.034,3286.178
20100309,3285.62,3322.506,3255.982,3305.863
20100310,3304.036,3321.081,3267.761,3279.694
20100311,3282.199,3303.488,3251.704,3276.705
20100312,3277.309,3284.263,3232.117,3233.126
20100315,3231.216,3234.821,3171.803,3183.183
20100316,3183.775,3204.289,3169.098,3203.971
20100317,3214.216,3273.998,3207.271,3273.916
20100318,3277.883,3295.368,3256.593,3267.555
20100319,3270.978,3296.411,3251.136,3293.871
20100322,3297.824,3313.922,3288.506,3302.628
20100323,3305.554,3309.12,3272.921,3275.573
20100324,3282.052,3298.543,3271.033,3276.669
20100325,3270.39,3270.39,3222.821,3229.128
20100326,3226.8,3285.388,3220.594,3275.002
20100329,3295.763,3363.605,3293.671,3358.54
20100330,3361.353,3372.265,3350.313,3366.708
20100331,3369.193,3369.901,3338.745,3345.607
20100401,3349.884,3392.481,3349.884,3391.935
20100402,3400.139,3412.2,3391.806,3407.346
20100406,3422.849,3436.29,3386.888,3405.145
20100407,3403.088,3404.582,3369.017,3386.949
20100408,3381.306,3381.306,3336.156,3346.744
20100409,3348.773,3379.398,3342.471,3379.17
20100412,3388.355,3393.557,3330.3,3351.478
20100413,3350.726,3401.707,3324.048,3391.716
20100414,3394.635,3404.516,3377.437,3403.707
20100415,3407.025,3412.937,3365.881,3394.574
20100416,3388.286,3388.286,3348.781,3356.332
20100419,3313.499,3313.499,3175.441,3176.423
20100420,3176.414,3196.646,3130.96,3173.374
20100421,3178.877,3237.537,3164.765,3236.679
20100422,3222.68,3231.985,3177.726,3201.541
20100423,3198.784,3224.739,3172.578,3190.003
20100426,3195.457,3207.715,3168.374,3171.997
20100427,3163.101,3163.101,3060.854,3108.409
20100428,3080.324,3122.115,3062.085,3097.353
20100429,3114.941,3130.696,3059.796,3060.064
20100430,3060.12,3068.127,3014.069,3067.365
20100504,3005.487,3056.082,2994.921,3019.449
20100505,2981.777,3036.865,2943.361,3036.394
20100506,3014.907,3014.907,2895.392,2896.856
20100507,2835.879,2892.533,2817.153,2836.789
20100510,2842.366,2872.314,2798.523,2858.233
20100511,2916.335,2922.125,2790.701,2800.817
20100512,2781.708,2832.147,2756.422,2818.16
20100513,2818.578,2886.972,2811.661,2886.911
20100514,2865.58,2888.093,2849.241,2868.023
20100517,2828.882,2828.882,2712.444,2714.715
20100518,2711.407,2781.845,2686.973,2771.348
20100519,2748.952,2803.695,2723.304,2762.174
20100520,2739.219,2793.876,2721.072,2726.022
20100521,2656.419,2769.094,2647.597,2768.791
20100524,2787.751,2886.368,2787.751,2873.469
20100525,2851.256,2855.332,2798.02,2813.943
20100526,2814.444,2839.031,2797.628,2813.944
20100527,2808.048,2866.865,2771.586,2859.979
20100528,2885.857,2893.687,2835.069,2850.302
20100531,2835.334,2857.416,2772.792,2773.264
20100601,2755.284,2782.288,2710.593,2744.162
20100602,2729.328,2757.914,2700.075,2757.527
20100603,2769.096,2787.512,2735.7,2736.076
20100604,2721.359,2748.476,2713.095,2744.391
20100607,2692.831,2716.401,2673.342,2695.715
20100608,2694.106,2720.586,2672.058,2699.336
20100609,2711.642,2787.825,2687.331,2782.133
20100610,2755.94,2776.259,2746.107,2750.023
20100611,2766.196,2782.095,2755.949,2758.866
20100617,2778.533,2784.916,2742.64,2742.733
20100618,2739.032,2755.842,2686.614,2696.166
20100621,2698.984,2784.47,2686.323,2780.663
20100622,2772.886,2795.323,2766.443,2783.72
20100623,2768.695,2788.219,2734.047,2758.495
20100624,2753.712,2783.508,2739.807,2757.498
20100625,2744.122,2759.445,2715.655,2736.287
20100628,2734.507,2751.455,2710.087,2716.777
20100629,2717.465,2724.231,2591.694,2592.019
20100630,2572.912,2575.824,2546.843,2563.07
20100701,2557.92,2574.098,2524.573,2526.071
20100702,2523.035,2542.122,2462.202,2534.105
20100705,2507.354,2529.425,2476.49,2512.651
20100706,2504.869,2563.411,2502.931,2562.902
20100707,2561.106,2580.608,2548.559,2580.477
20100708,2591.509,2602.23,2564.638,2575.921
20100709,2578.555,2662.163,2557.259,2647.104
20100712,2647.421,2689.809,2636.648,2676.218
20100713,2649.658,2649.658,2618.34,2634.593
20100714,2640.925,2684.616,2640.542,2653.609
20100715,2650.334,2680.442,2607.788,2608.519
20100716,2597,2621.332,2573.794,2616.128
20100719,2592.087,2691.937,2585.007,2682.472
20100720,2685.459,2746.237,2685.459,2741.503
20100721,2744.696,2766.205,2733.721,2747.335
20100722,2738.027,2783.138,2734.071,2781.286
20100723,2787.521,2806.979,2769.44,2793.076
20100726,2798.762,2811.953,2775.778,2811.055
20100727,2803.755,2812.208,2785.374,2795.724
20100728,2796.483,2866.404,2784.155,2863.724
20100729,2866.772,2888.599,2851.996,2877.976
20100730,2871.481,2876.136,2844.682,2868.846
20100802,2868.279,2922.612,2867.45,2917.275
20100803,2925.254,2929.614,2865.761,2865.971
20100804,2858.354,2876.595,2818.248,2876.434
20100805,2874.66,2877.31,2833.669,2850.829
20100806,2848.155,2898.534,2821.033,2897.659
20100809,2894.103,2922.624,2888.045,2918.241
20100810,2920.404,2925.296,2832.078,2832.638
20100811,2823.15,2864.361,2823.15,2850.211
20100812,2822.791,2860.369,2810.102,2816.386
20100813,2818.41,2856.043,2799.221,2855.547
20100816,2851.219,2927.688,2843.024,2922.083
20100817,2927.258,2949.73,2917.834,2942.291
20100818,2945.979,2962.749,2924.668,2937.362
20100819,2940.767,2975.188,2928.013,2955.395
20100820,2943.334,2951.956,2892.64,2898.333
20100823,2895.707,2920.541,2886.659,2896.192
20100824,2892.129,2933.118,2866.802,2911.827
20100825,2893.986,2904.662,2842.249,2843.023
20100826,2853.105,2868.878,2836.129,2850.093
20100827,2847.448,2861.074,2833.422,2858.566
20100830,2874.247,2921.085,2872.918,2915.01
20100831,2905.154,2910.06,2889.808,2903.188
20100901,2907.663,2931.76,2859.166,2884.042
20100902,2917.735,2931.547,2903.028,2921.393
20100903,2926.939,2929.548,2891.878,2920.205
20100906,2935.89,2980.424,2935.89,2975.09
20100907,2979.298,2991.435,2959.902,2983.108
20100908,2970.002,2982.72,2953.839,2980.967
20100909,2986.867,2986.867,2922.2,2926.46
20100910,2928.001,2940.79,2890.035,2932.554
20100913,2933.594,2977.078,2925.416,2962.319
20100914,2971.547,2984.466,2954.507,2965.009
20100915,2965.539,2965.539,2905.63,2913.194
20100916,2908.322,2917.849,2834.033,2857.789
20100917,2864.717,2877.083,2847.681,2861.369
20100920,2865.04,2872.219,2829.757,2849.828
20100921,2859.43,2869.38,2844.125,2857.476
20100927,2869.928,2905.526,2864.209,2905.029
20100928,2900.536,2900.536,2875.658,2880.907
20100929,2877.269,2908.732,2866.854,2874.812
20100930,2859.06,2935.595,2857.418,2935.574
20101008,2965.652,3055.836,2963.237,3044.233
20101011,3069.188,3154.204,3069.188,3132.895
20101012,3121.636,3173.849,3106.224,3172.726
20101013,3176.886,3221.646,3165.578,3217.577
20101014,3245.133,3286.023,3215.031,3224.14
20101015,3204.723,3327.683,3199.122,3327.683
20101018,3345.804,3390.015,3288.781,3306.16
20101019,3300.517,3375.867,3279.999,3375.674
20101020,3304.221,3439.225,3301.009,3396.879
20101021,3404.721,3418.091,3344.962,3374.685
20101022,3365.597,3408.491,3346.111,3378.655
20101025,3386.85,3481.347,3366.43,3481.081
20101026,3491.474,3499.817,3436.463,3466.084
20101027,3451.427,3490.217,3398.095,3403.872
20101028,3390.426,3420.885,3371.439,3397.692
20101029,3400.262,3404.6,3351.601,3379.983
20101101,3390.413,3472.995,3390.413,3472.995
20101102,3484.232,3522.175,3449.724,3463.131
20101103,3462.74,3474.707,3419.08,3420.341
20101104,3426.46,3480.929,3419.643,3480.505
20101105,3538.988,3554.47,3498.276,3520.798
20101108,3534.191,3549.305,3506.375,3548.566
20101109,3547.44,3547.44,3498.623,3523.954
20101110,3507.195,3508.275,3470.968,3499.111
20101111,3490.738,3557.987,3484.891,3509.975
20101112,3484.606,3497.061,3284.348,3291.833
20101115,3298.737,3319.976,3241.758,3314.893
20101116,3311.616,3311.616,3155.475,3169.538
20101117,3124.109,3168.931,3087.507,3103.906
20101118,3134.937,3158.629,3097.388,3147.962
20101119,3168.165,3178.846,3076.213,3178.846
20101122,3148.215,3200.472,3137.751,3171.941
20101123,3156.478,3156.478,3061.623,3107.176
20101124,3088.992,3177.412,3088.992,3177.043
20101125,3197.965,3227.054,3172.282,3223.484
20101126,3214.132,3224.517,3170.364,3194.853
20101129,3183.54,3206.756,3159.459,3190.05
20101130,3187.529,3205.782,3060.438,3136.985
20101201,3127.262,3150.436,3111.645,3136.024
20101202,3185.76,3194.226,3154.32,3155.059
20101203,3161.93,3171.378,3134.419,3158.156
20101206,3168.875,3185.332,3140.555,3165.57
20101207,3152.733,3214.691,3112.223,3200.339
20101208,3194.895,3215.281,3166.766,3171.882
20101209,3155.996,3175.052,3122.196,3123.366
20101210,3107.379,3172.163,3101.083,3161.977
20101213,3176.335,3261.344,3173.564,3261.061
20101214,3270.201,3279.365,3254.181,3269.474
20101215,3270.781,3282.772,3242.516,3247.644
20101216,3246.013,3258.394,3224.122,3230.665
20101217,3229.297,3232.839,3212.579,3225.661
20101220,3239.022,3249.763,3117.998,3178.657
20101221,3184.7,3251.551,3168.889,3249.509
20101222,3253.821,3263.45,3201.669,3215.453
20101223,3210.67,3237.644,3183.152,3188.607
20101224,3170.642,3187.724,3139.454,3162.955
20101227,3176.107,3219.655,3092.263,3099.709
20101228,3084.823,3095.358,3041.328,3044.931
20101229,3049.928,3062.557,3025.22,3061.83
20101230,3063.05,3079.909,3027.898,3064.098
20101231,3069.053,3129.446,3067.108,3128.261
20110104,3155.557,3194.358,3143.604,3189.682
20110105,3170.181,3193.779,3158.871,3175.662
20110106,3177.835,3198.052,3152.572,3159.643
20110107,3156.362,3209.9,3141.125,3166.624
20110110,3162.085,3182.782,3102.428,3108.187
20110111,3096.249,3131.292,3084.513,3124.922
20110112,3135.18,3153.43,3099.413,3142.337
20110113,3153.985,3157.036,3127.158,3141.284
20110114,3129.667,3129.667,3083.511,3091.862
20110117,3067.433,3078.88,2968.61,2974.35
20110118,2965.424,2984.47,2947.6,2977.648
20110119,2978.457,3045.605,2967.243,3044.851
20110120,3037.862,3037.862,2944.498,2944.713
20110121,2935.233,3030.265,2935.138,2983.456
20110124,2986.092,2999.201,2943.92,2954.232
20110125,2949.647,2960.587,2919.162,2938.654
20110126,2939.773,2982.322,2939.356,2978.431
20110127,2953.589,3037.159,2935.271,3026.466
20110128,3020.122,3047.266,3011.375,3036.735
20110131,3035.418,3076.547,3032.449,3076.508
20110201,3083.493,3087.225,3062.83,3077.283
20110209,3055.398,3087.551,3031.749,3040.949
20110210,3034.079,3105.324,3024.349,3104.163
20110211,3100.274,3133.499,3092.582,3120.956
20110214,3123.246,3227.432,3123.246,3219.143
20110215,3223.222,3259.639,3215.619,3217.671
20110216,3211.135,3248.849,3195.467,3248.527
20110217,3255.626,3265.257,3218.913,3245.907
20110218,3240.051,3242.374,3203.12,3211.876
20110221,3192.146,3258.28,3189.848,3257.908
20110222,3267.615,3269.048,3161.833,3163.578
20110223,3152.441,3182.185,3145.986,3174.742
20110224,3170.236,3195.688,3157.969,3190.935
20110225,3190.872,3213.792,3159.847,3197.617
20110228,3200.677,3241.597,3178.831,3239.559
20110301,3241.714,3273.511,3235.754,3254.893
20110302,3237.116,3257.419,3202.833,3243.298
20110303,3248.156,3271.64,3221.038,3221.718
20110304,3223.507,3273.658,3217.477,3270.666
20110307,3287.405,3337.466,3287.405,3334.51
20110308,3335.71,3342.711,3311.722,3337.457
20110309,3344.1,3355.487,3322.698,3338.858
20110310,3330.444,3330.444,3279.33,3280.259
20110311,3263.081,3290.7,3240.181,3247.376
20110314,3238.905,3263.906,3230.114,3262.92
20110315,3250.595,3250.595,3147.957,3203.961
20110316,3204.919,3250.878,3202.931,3248.195
20110317,3216.288,3240.381,3185.084,3197.1
20110318,3228.915,3239.963,3205.144,3215.685
20110321,3220.677,3236.279,3194.145,3207.11
20110322,3217.8,3227.797,3175.93,3222.961
20110323,3222.325,3267.004,3216.653,3264.926
20110324,3269.575,3273.37,3250.023,3251.361
20110325,3256.179,3304.264,3254.683,3294.484
20110328,3307.405,3328.07,3286.856,3290.571
20110329,3288.564,3309.199,3256.337,3257.979
20110330,3256.722,3274.977,3233.109,3256.08
20110331,3257.164,3264.956,3210.174,3223.288
20110401,3227.564,3272.768,3220.911,3272.729
20110406,3269.19,3315.299,3268.765,3311.067
20110407,3313.467,3330.805,3302.818,3324.419
20110408,3321.54,3353.889,3314.089,3353.358
20110411,3363.37,3380.527,3331.174,3333.427
20110412,3324.754,3350.156,3307.476,3326.771
20110413,3311.324,3372.031,3296.507,3372.031
20110414,3374.324,3378.703,3347.488,3353.56
20110415,3345.134,3378.106,3323.563,3358.944
20110418,3346.149,3372.9,3335.599,3359.438
20110419,3334.912,3334.912,3290.736,3295.812
20110420,3300.418,3311.725,3281.827,3295.758
20110421,3312.271,3330.244,3301.936,3317.367
20110422,3317.083,3325.459,3291.638,3299.942
20110425,3292.48,3292.48,3247.691,3249.574
20110426,3242.529,3257.8,3216.21,3230.96
20110427,3242.619,3256.413,3189.04,3209.503
20110428,3224.413,3237.192,3160.406,3161.776
20110429,3161.158,3193.599,3147.137,3192.723
20110503,3192.845,3212.055,3164.926,3211.132
20110504,3192.844,3193.446,3120.961,3129.028
20110505,3115.003,3136.897,3105.854,3126.117
20110506,3093.809,3141.683,3083.908,3121.396
20110509,3126.26,3149.937,3118.141,3129.759
20110510,3135.146,3153.301,3121.746,3153.221
20110511,3153.648,3164.65,3127.494,3145.085
20110512,3123.158,3142.397,3101.136,3101.603
20110513,3105.303,3128.442,3080.19,3128.093
20110516,3120.436,3137.604,3098.776,3100.463
20110517,3097.071,3136.231,3076.946,3116.028
20110518,3109.294,3145.698,3106.552,3139.379
20110519,3148.353,3154.935,3118.619,3120.639
20110520,3120.579,3133.429,3113.271,3121.596
20110523,3115.312,3115.312,3021.45,3022.98
20110524,3013.715,3029.746,2999.885,3026.223
20110525,3020.323,3030.988,2988.094,2990.343
20110526,3011.466,3021.203,2977.596,2978.381
20110527,2980.721,2996.605,2962.067,2963.308
20110530,2956.575,2982.583,2942.361,2954.506
20110531,2958.607,3001.727,2946.146,3001.556
20110601,2996.085,3006.556,2985.711,3004.173
20110602,2970.634,2984.491,2923.016,2955.705
20110603,2951.579,2993.895,2951.201,2986.349
20110607,2977.681,3006.569,2974.361,3004.262
20110608,3003.581,3012.806,2965.923,3008.652
20110609,3000.404,3004.06,2951.889,2951.889
20110610,2947.927,2964.079,2925.868,2961.932
20110613,2940.391,2957.523,2921.746,2950.348
20110614,2947.655,3000.526,2943.531,2993.559
20110615,2984.962,2999.15,2963.112,2963.119
20110616,2939.681,2946.815,2915.401,2917.578
20110617,2916.405,2934.061,2891.015,2892.157
20110620,2888.935,2896.081,2862.408,2874.896
20110621,2883.354,2909.572,2877.054,2909.073
20110622,2913.666,2921.034,2894.178,2908.582
20110623,2899.013,2966.54,2888.678,2957.629
20110624,2946.609,3047.943,2944.051,3027.47
20110627,3028.496,3056.023,3019.236,3036.491
20110628,3040.183,3046.797,3013.996,3041.734
20110629,3039.047,3043.815,2999.953,3000.169
20110630,3003.23,3058.625,3003.23,3044.089
20110701,3052.12,3071.206,3034.072,3049.745
20110704,3064.935,3124.582,3064.935,3121.98
20110705,3122.899,3128.529,3105.086,3122.5
20110706,3116.121,3116.121,3084.834,3113.712
20110707,3123.29,3140.102,3101.096,3101.68
20110708,3105.486,3124.386,3093.374,3109.183
20110711,3097.874,3120.998,3086.263,3113.206
20110712,3089.136,3090.097,3054.8,3056.905
20110713,3060.42,3108.497,3060.42,3106.247
20110714,3112.587,3126.153,3092.473,3115.745
20110715,3105.497,3130.775,3097.336,3128.889
20110718,3131.803,3137.922,3113.667,3122.6
20110719,3108.472,3109.916,3088.377,3095.125
20110720,3113.705,3119.543,3071.85,3091.567
20110721,3092.271,3099.278,3058.255,3059.139
20110722,3066.192,3083.191,3059.598,3067.985
20110725,3050.897,3050.897,2958.878,2968.289
20110726,2965.721,2980.857,2957.61,2977.766
20110727,2961.576,3002.691,2951.516,3000.052
20110728,2973.642,2984.375,2956.71,2981.002
20110729,2981.021,2995.974,2948.076,2972.079
20110801,2969.106,2991.051,2958.832,2977.721
20110802,2958.85,2958.85,2919.014,2956.383
20110803,2930.193,2969.132,2927.096,2954.87
20110804,2962.913,2983.012,2951.838,2960.309
20110805,2881.737,2916.41,2868.157,2897.417
20110808,2864.514,2888.769,2747.967,2793.897
20110809,2720.953,2812.769,2697.062,2798.19
20110810,2845.352,2858.553,2820.123,2824.12
20110811,2779.715,2867.311,2777.761,2866.924
20110812,2881.554,2894.224,2868.871,2875.365
20110815,2883.174,2917.883,2870.19,2917.883
20110816,2920.829,2932.14,2888.334,2897.581
20110817,2893.849,2910.835,2881.631,2886.013
20110818,2887.103,2889.997,2832.269,2834.254
20110819,2789.346,2814.099,2782.556,2807.664
20110822,2809.329,2829.687,2768.418,2777.787
20110823,2788.699,2821.003,2777.287,2821.003
20110824,2834.577,2845.47,2804.818,2810.016
20110825,2818.701,2904.438,2815.912,2903.837
20110826,2889.382,2907.398,2876.828,2901.216
20110829,2875.784,2875.784,2847.476,2852.809
20110830,2875.144,2901.733,2838.33,2841.74
20110831,2843.993,2855.305,2823.77,2846.776
20110901,2852.386,2869.249,2825.956,2834.535
20110902,2828.839,2836.624,2790.769,2803.854
20110905,2780.834,2780.834,2743.383,2743.817
20110906,2727.749,2745.36,2711.071,2723.303
20110907,2738.789,2779.205,2730.055,2779.09
20110908,2788.832,2789.112,2755.799,2756.105
20110909,2770.153,2796.352,2739.62,2751.095
20110913,2712.443,2726.185,2698.66,2720.283
20110914,2729.256,2736.905,2677.127,2733.108
20110915,2734.552,2754.193,2728.905,2729.051
20110916,2744.218,2755.889,2728.995,2733.987
20110919,2718.318,2718.318,2678.795,2679.27
20110920,2675.043,2702.28,2664.1,2689.845
20110921,2691.701,2778.353,2677.349,2771.011
20110922,2745.146,2754.917,2684.94,2685.688
20110923,2644.294,2681.227,2631.425,2669.478
20110926,2645.245,2679.56,2603.108,2610.919
20110927,2634.925,2652.56,2613.423,2637.879
20110928,2654.83,2660.099,2602.63,2610.59
20110929,2593.559,2615.144,2577.286,2588.185
20110930,2595.582,2607.566,2572.193,2581.351
20111010,2588.349,2595.324,2552.284,2557.082
20111011,2625.163,2635.694,2526.649,2551.994
20111012,2537.398,2647.015,2523.344,2644.758
20111013,2636.863,2672.91,2629.405,2662.601
20111014,2655.358,2665.443,2629.879,2653.782
20111017,2658.947,2687.102,2653.384,2666.951
20111018,2646.841,2651.732,2589.205,2592.209
20111019,2599.917,2617.411,2580.663,2583.081
20111020,2566.603,2570.101,2500.486,2520.532
20111021,2522.257,2538.117,2504.693,2507.877
20111024,2517.059,2581.125,2501.956,2576.669
20111025,2572.708,2633.968,2560.047,2625.425
20111026,2613.272,2679.658,2611.012,2651.652
20111027,2658.428,2672.84,2647.296,2657.478
20111028,2694.542,2729.139,2689.376,2709.017
20111031,2704.535,2709.317,2680.992,2695.307
20111101,2672.508,2726.088,2669.05,2697.534
20111102,2658.547,2742.938,2653.722,2742.39
20111103,2752.627,2781.039,2743.196,2744.301
20111104,2770.572,2781.99,2748.978,2763.746
20111107,2750.991,2769.296,2733.168,2736.248
20111108,2745.059,2756.091,2723.693,2727.71
20111109,2739.154,2755.811,2710.054,2751.654
20111110,2720.836,2729.572,2698.306,2699.588
20111111,2705.243,2713.914,2685.101,2695.002
20111114,2717.544,2751.88,2714.862,2750.195
20111115,2746.773,2754.001,2732.913,2744.68
20111116,2745.858,2746.29,2659.148,2670.116
20111117,2671.953,2687.831,2660.651,2662.017
20111118,2643.667,2646.209,2601.179,2606.495
20111121,2608.556,2613.262,2587.742,2609.687
20111122,2592.229,2611.15,2580.781,2609.475
20111123,2613.291,2617.088,2578.157,2584.011
20111124,2565.686,2604.236,2557.695,2588.915
20111125,2585.137,2598.392,2563.65,2569.973
20111128,2578.344,2589.354,2562.493,2573.321
20111129,2595.086,2609.187,2580.293,2608.569
20111130,2600.099,2601.9,2507.184,2521.52
20111201,2596.153,2630.664,2577.722,2583.613
20111202,2570.56,2575.692,2543.532,2557.311
20111205,2561.2,2561.2,2517.179,2521.385
20111206,2515.044,2525.666,2499.574,2516.341
20111207,2517.341,2534.529,2509.777,2528.228
20111208,2525.041,2549.101,2494.694,2525.001
20111209,2506.624,2525.162,2496.972,2503.461
20111212,2497.922,2502.046,2476.116,2477.692
20111213,2467.016,2472.656,2418.673,2421.928
20111214,2415.944,2433.55,2392.299,2397.48
20111215,2382.441,2384.473,2340.447,2340.788
20111216,2339.976,2390.378,2332.14,2390.129
20111219,2370.418,2387.89,2321.657,2384.408
20111220,2376.709,2412.572,2373.86,2377.073
20111221,2397.275,2404.775,2337.693,2339.108
20111222,2325.27,2358.468,2294.607,2341.335
20111223,2337.382,2382.709,2331.958,2359.159
20111226,2345.555,2369.818,2334.794,2335.702
20111227,2332.826,2346.384,2302.411,2305.035
20111228,2295.866,2309.645,2267.114,2307.928
20111229,2297.288,2323.488,2293.872,2311.361
20111230,2318.673,2349.029,2318.673,2345.742
20120104,2361.499,2365.988,2298.298,2298.753
20120105,2290.78,2316.657,2272.153,2276.385
20120106,2274.352,2291.885,2254.567,2290.601
20120109,2291.182,2368.889,2271.717,2368.57
20120110,2365.768,2449.955,2361.281,2447.349
20120111,2444.757,2453.146,2423.322,2435.608
20120112,2426.82,2464.378,2423.321,2435.219
20120113,2438.405,2445.787,2374.545,2394.334
20120116,2376.953,2394.498,2345.633,2345.649
20120117,2347.568,2462.429,2329.248,2460.601
20120118,2464.92,2485.498,2414.527,2422.189
20120119,2423.857,2480.206,2414.985,2468.35
20120120,2476.73,2510.34,2462.594,2504.086
20120130,2508.877,2508.877,2460.396,2460.72
20120131,2462.338,2472.839,2447.768,2464.26
20120201,2458.233,2481.664,2423.45,2428.994
20120202,2437.47,2486.238,2429.709,2486.238
20120203,2478.336,2514.645,2470.28,2506.09
20120206,2511.172,2520.758,2488.709,2504.322
20120207,2489.032,2489.032,2441.698,2457.954
20120208,2456.422,2534.162,2450.999,2528.236
20120209,2525.589,2546.025,2513.131,2529.231
20120210,2521.676,2560.027,2521.155,2533.624
20120213,2504.41,2553.446,2496.305,2531.981
20120214,2528.967,2533.264,2506.537,2522.107
20120215,2515.829,2562.071,2511.289,2549.607
20120216,2544.641,2559.345,2519.043,2536.074
20120217,2551.815,2558.345,2522.856,2537.086
20120220,2571.907,2574.746,2539.904,2540.706
20120221,2544.835,2562.909,2520.786,2562.453
20120222,2564.315,2598.863,2560.343,2597.476
20120223,2595.779,2614.537,2590.518,2606.256
20120224,2607.339,2648.017,2602.776,2648.017
20120227,2658.121,2693.843,2656.573,2656.573
20120228,2652.342,2671.833,2641.459,2662.463
20120229,2655.858,2666.647,2631.784,2634.143
20120301,2622.737,2647.785,2621.858,2633.345
20120302,2637.961,2679.934,2637.961,2679.934
20120305,2687.74,2694.612,2660.955,2662.698
20120306,2654.799,2657.963,2615.6,2621.052
20120307,2596.479,2628.585,2594.128,2603.005
20120308,2612.403,2645.953,2612.403,2635.791
20120309,2644.1,2664.414,2631.406,2664.302
20120312,2663.243,2666.432,2636.423,2654.402
20120313,2653.681,2681.334,2649.169,2681.073
20120314,2694.475,2705.754,2595.342,2605.106
20120315,2602.661,2618.252,2575.437,2585.546
20120316,2591.8,2624.316,2577.245,2623.52
20120319,2617.662,2631.045,2598.63,2630.013
20120320,2622.66,2622.66,2584.024,2584.445
20120321,2597.375,2613.269,2569.075,2587.793
20120322,2586.938,2599.244,2570.446,2583.747
20120323,2575.327,2578.825,2544.525,2552.94
20120326,2551.425,2562.929,2540.696,2555.442
20120327,2565.551,2571.899,2544.373,2547.143
20120328,2538.458,2540.417,2471.034,2474.9
20120329,2463.688,2476.478,2429.732,2443.122
20120330,2447.939,2461.977,2438.488,2454.899
20120405,2449.208,2517.386,2441.269,2512.832
20120406,2509.445,2525.534,2502.703,2519.83
20120409,2510.533,2518.378,2491.592,2495.146
20120410,2490.283,2519.812,2459.348,2519.788
20120411,2494.517,2541.126,2489.325,2520.036
20120412,2522.828,2570.842,2516.568,2570.436
20120413,2575.052,2593.788,2570.035,2580.454
20120416,2564.231,2586.198,2559.781,2574.044
20120417,2572.364,2578.76,2541.535,2541.883
20120418,2550.905,2602.106,2545.996,2599.908
20120419,2598.329,2606.86,2585.301,2596.056
20120420,2591.51,2627.375,2589.351,2626.839
20120423,2624.751,2632.092,2599.112,2606.038
20120424,2594.801,2640.295,2559.464,2604.866
20120425,2598.228,2631.438,2593.327,2625.99
20120426,2632.718,2643.768,2617.089,2631.487
20120427,2630.549,2637.918,2623.598,2626.157
20120502,2660.673,2697.949,2643.527,2683.487
20120503,2679.517,2693.88,2675.811,2691.518
20120504,2689.624,2716.033,2677.14,2715.879
20120507,2699.447,2717.778,2694.321,2717.778
20120508,2717.408,2717.825,2683.562,2709.116
20120509,2685.187,2685.187,2655.322,2657.514
20120510,2657.87,2667.675,2649.38,2657.214
20120511,2652.313,2666.566,2636.523,2636.917
20120514,2653.806,2656.284,2613.349,2615.534
20120515,2597.644,2618.175,2591.598,2617.374
20120516,2610.161,2612.625,2574.082,2574.647
20120517,2577.961,2619.589,2571.201,2613.942
20120518,2595.547,2603.191,2567.302,2573.976
20120521,2572.369,2604.219,2563.973,2587.231
20120522,2598.167,2627.602,2597.603,2627.525
20120523,2621.786,2635.78,2598.29,2616.869
20120524,2613.095,2630.414,2588.209,2595.26
20120525,2595.261,2602.17,2565.647,2573.103
20120528,2562.596,2614.849,2545.336,2614.689
20120529,2615.145,2658.255,2612.564,2650.854
20120530,2646.37,2655.163,2636.518,2642.258
20120531,2623.158,2645.591,2617.228,2632.042
20120601,2633.601,2653.857,2623.289,2632.998
20120604,2598.733,2608.316,2558.92,2559.026
20120605,2565.186,2573.887,2548.76,2558.842
20120606,2564.226,2573.739,2547.334,2557.401
20120607,2579.425,2584.039,2536.258,2542.184
20120608,2558.843,2559.128,2520.409,2524.329
20120611,2529.599,2565.429,2523.774,2558.265
20120612,2543.765,2553.915,2529.951,2540.178
20120613,2546.791,2581.115,2539.632,2580.636
20120614,2573.329,2584.709,2558.565,2560.421
20120615,2565.189,2580.17,2538.572,2568.054
20120618,2576.629,2593.218,2572.987,2581.212
20120619,2577.362,2577.362,2556.103,2558.621
20120620,2563.643,2570.663,2549.438,2552.611
20120621,2547.048,2547.048,2502.419,2512.185
20120625,2501.163,2501.163,2455.008,2456.518
20120626,2442.562,2465.12,2434.64,2454.915
20120627,2452.666,2470.762,2444.343,2447.195
20120628,2451.664,2459.189,2425.24,2425.729
20120629,2418.862,2462.815,2417.486,2461.612
20120702,2473.545,2473.966,2452.986,2465.238
20120703,2464.85,2490.547,2457.449,2468.721
20120704,2474.527,2481.336,2455.995,2464.919
20120705,2450.3,2450.3,2420.001,2430.37
20120706,2435.059,2477.231,2420.356,2472.614
20120709,2455.892,2470.205,2414.953,2416.036
20120710,2411.003,2426.529,2402.371,2406.706
20120711,2402.184,2427.795,2402.154,2425.572
20120712,2420.036,2460.559,2404.584,2449.181
20120713,2441.013,2467.99,2438.979,2450.633
20120716,2452.595,2452.595,2399.61,2399.731
20120717,2391.897,2421.929,2391.281,2414.201
20120718,2412.062,2420.778,2373.647,2414.335
20120719,2407.443,2444.057,2401.291,2424.322
20120720,2415.71,2423.804,2392.181,2398.455
20120723,2379.885,2379.885,2357.507,2365.431
20120724,2353.22,2392.353,2352.803,2375.992
20120725,2368.384,2381.043,2357.468,2360.083
20120726,2360.134,2374.874,2344.695,2347.488
20120727,2353.942,2364.984,2341.293,2349.108
20120730,2350.782,2367.029,2333.999,2335.793
20120731,2336.882,2350.071,2329.505,2332.922
20120801,2332.129,2371.122,2331.949,2358.651
20120802,2354.073,2358.559,2325.608,2334.882
20120803,2340.25,2354.156,2329.934,2353.737
20120806,2350.117,2388.363,2348.119,2385.611
20120807,2383.257,2390.782,2379.452,2388.873
20120808,2390.959,2405.183,2382.825,2389.795
20120809,2388.43,2412.142,2378.854,2411.7
20120810,2409.937,2413.423,2395.912,2399.751
20120813,2394.504,2394.504,2350.808,2351.931
20120814,2352.659,2357.847,2324.906,2357.016
20120815,2350.022,2350.022,2330.15,2331.615
20120816,2327.91,2335.397,2317.061,2319.67
20120817,2318.432,2322.885,2295.158,2313.476
20120820,2294.901,2307.406,2279.946,2301.788
20120821,2301.932,2327.375,2296.551,2313.703
20120822,2315.14,2317.373,2285.755,2295.586
20120823,2298.18,2311.653,2285.367,2302.199
20120824,2295.684,2299.298,2274.566,2275.677
20120827,2268.485,2268.485,2228.151,2228.204
20120828,2226.898,2250.6,2222.001,2238.411
20120829,2230.199,2240.112,2214.429,2214.814
20120830,2204.515,2223.195,2188.724,2211.37
20120831,2205.573,2218.866,2203.123,2204.868
20120903,2201.123,2236.563,2197.708,2228.369
20120904,2231.716,2234.875,2199.509,2204.407
20120905,2199.743,2209.536,2186.962,2199.875
20120906,2204.436,2218.68,2199.857,2217.823
20120907,2233.912,2341.522,2233.912,2317.179
20120910,2320.557,2334.496,2313.572,2326.666
20120911,2316.532,2316.532,2294.82,2311.89
20120912,2325.925,2337.196,2298.297,2320.071
20120913,2316.679,2325.534,2298.367,2298.461
20120914,2324.012,2332.417,2298.83,2315.542
20120917,2312.055,2314.989,2258.182,2258.705
20120918,2249.425,2253.144,2228.042,2235.239
20120919,2237.218,2249.243,2229.489,2246.236
20120920,2236.191,2236.191,2194.221,2195.951
20120921,2190.327,2217.473,2186.53,2199.063
20120924,2183.969,2225.805,2172.879,2215.516
20120925,2209.975,2225.334,2202.376,2210.154
20120926,2208.906,2216.824,2181.083,2184.891
20120927,2186.004,2266.297,2185.766,2251.717
20120928,2235.057,2297.033,2234.323,2293.106
20121008,2291.961,2305.18,2258.11,2270.054
20121009,2281.753,2327.727,2281.753,2320.157
20121010,2314.593,2325.749,2304.608,2324.117
20121011,2315.897,2321.352,2300.934,2302.533
20121012,2311.284,2332.149,2287.009,2304.531
20121015,2306.006,2307.882,2278.457,2294.857
20121016,2293.244,2315.453,2287.59,2298.162
20121017,2307.358,2312.173,2280.818,2300.803
20121018,2307.487,2341.12,2305.883,2336.077
20121019,2335.105,2342.527,2328.733,2332.47
20121022,2320.468,2347.895,2315.895,2341.592
20121023,2340.89,2344.044,2309.252,2312.077
20121024,2303.401,2321.43,2302.169,2307.779
20121025,2306.733,2322.917,2288.601,2291.239
20121026,2291.31,2293.176,2237.059,2247.907
20121029,2241.802,2248.139,2227.646,2235.854
20121030,2236.316,2257.951,2231.776,2239.882
20121031,2241.432,2256.095,2233.684,2254.82
20121101,2256.609,2305.629,2256.412,2297.884
20121102,2297.898,2309.666,2284.719,2306.774
20121105,2302.742,2318.231,2290.135,2301.88
20121106,2301.98,2304.048,2260.507,2292.206
20121107,2288.763,2300.893,2277.02,2287.505
20121108,2269.582,2275.401,2245.4,2245.405
20121109,2241.756,2252.196,2235.231,2240.924
20121112,2242.96,2254.703,2232.742,2251.848
20121113,2250.842,2250.842,2208.723,2212.44
20121114,2213.086,2225.124,2205.996,2223.11
20121115,2210.751,2220.987,2193.516,2193.623
20121116,2189.511,2191.611,2162.976,2177.24
20121119,2175.184,2176.492,2149.538,2174.985
20121120,2180.205,2184.334,2163.527,2164.881
20121121,2165.408,2195.461,2151.38,2194.896
20121122,2181.179,2185.577,2169.657,2177.546
20121123,2184.409,2202.47,2179.727,2192.676
20121126,2187.24,2191.359,2172.1,2175.599
20121127,2168.589,2173.464,2150.222,2150.638
20121128,2142.5,2144.802,2126.03,2129.161
20121129,2128.803,2140.877,2114.477,2115.676
20121130,2114.244,2142.856,2109.963,2139.661
20121203,2136.696,2152.608,2108.149,2108.85
20121204,2104.928,2135.662,2102.135,2131.473
20121205,2128.387,2219.094,2126.793,2207.878
20121206,2205.605,2216.976,2191.227,2203.602
20121207,2203.887,2250.529,2198.107,2246.757
20121210,2254.915,2276.28,2250.437,2271.046
20121211,2263.209,2274.994,2254.299,2258.5
20121212,2257.73,2273.211,2247.953,2267.767
20121213,2260.601,2266.721,2242.557,2242.635
20121214,2245.636,2357.106,2245.636,2355.865
20121217,2359.201,2380.001,2358.664,2366.7
20121218,2361.095,2398.63,2347.077,2368.12
20121219,2362.802,2387.142,2358.033,2371.109
20121220,2361.322,2391.924,2346.55,2384.816
20121221,2386.376,2414.223,2365.032,2372.002
20121224,2368.007,2396.725,2367.038,2381.217
20121225,2373.88,2459.302,2365.41,2448.395
20121226,2445.987,2458.007,2441.642,2457.619
20121227,2464.779,2479.792,2443.681,2444.594
20121228,2448.076,2481.592,2444.381,2480.049
20121231,2485.559,2522.952,2485.559,2522.952
20130104,2551.814,2558.529,2498.892,2524.409
20130107,2518.047,2545.969,2511.603,2535.985
20130108,2534.647,2540.513,2502.49,2525.33
20130109,2518.104,2534.239,2504.299,2526.126
20130110,2525.59,2553.352,2513.729,2530.569
20130111,2533.495,2539.794,2473.696,2483.23
20130114,2474.176,2583.625,2473.998,2577.725
20130115,2579.132,2605.41,2576.919,2595.856
20130116,2591.365,2600.093,2540.521,2577.092
20130117,2570.711,2575.058,2539.674,2552.758
20130118,2568.692,2607.446,2553.451,2595.439
20130121,2605.649,2611.201,2582.652,2610.898
20130122,2610.392,2620.025,2578.181,2596.898
20130123,2588.198,2611.409,2576.362,2607.456
20130124,2606.427,2663.404,2564.206,2582.755
20130125,2580.881,2591.513,2567.107,2571.674
20130128,2577.267,2651.967,2577.267,2651.863
20130129,2655.377,2685.531,2646.154,2675.866
20130130,2678.433,2689.683,2662.062,2688.711
20130131,2690.951,2696.881,2671.33,2686.882
20130201,2677.187,2744.322,2671.274,2743.324
20130204,2753.688,2768.504,2731.08,2748.028
20130205,2727.93,2779.953,2725.362,2771.675
20130206,2771.908,2787.456,2765.743,2775.844
20130207,2771.53,2775.974,2722.874,2759.87
20130208,2755.649,2791.303,2747.946,2771.725
20130218,2784.065,2787.74,2731.506,2737.471
20130219,2735.045,2740.739,2674.339,2685.606
20130220,2686.093,2703.098,2665.231,2702.635
20130221,2675.741,2675.741,2584.758,2610.549
20130222,2607.65,2618.483,2591.146,2596.604
20130225,2607.149,2628.696,2590.787,2604.96
20130226,2587.375,2631.094,2564.672,2567.595
20130227,2576.046,2615.249,2569.38,2594.677
20130228,2611.94,2673.711,2593.997,2673.327
20130301,2671.842,2680.854,2626.995,2668.836
20130304,2619.42,2619.574,2528.694,2545.715
20130305,2547.893,2623.171,2541.766,2622.807
20130306,2634.87,2658.139,2620.431,2650.202
20130307,2639.783,2658.969,2592.867,2619.479
20130308,2622.684,2632.624,2601.961,2606.927
20130311,2600.278,2611.652,2574.172,2592.372
20130312,2590.391,2619.512,2530.251,2555.615
20130313,2551.726,2556.773,2515.058,2527.486
20130314,2517.745,2546.699,2514.463,2534.273
20130315,2533.722,2600.091,2504.458,2539.873
20130318,2526.077,2544.619,2499.828,2502.493
20130319,2507.396,2532.07,2491.854,2525.097
20130320,2526.968,2610.174,2526.83,2610.174
20130321,2611.58,2626.538,2598.509,2614.988
20130322,2612.256,2625.531,2603.344,2618.308
20130325,2628.407,2641.609,2607.613,2613.097
20130326,2601.964,2607.357,2554.974,2575.05
20130327,2575.726,2611.939,2566.345,2583.53
20130328,2535.988,2535.988,2495.083,2499.302
20130329,2502.782,2509.109,2482.488,2495.083
20130401,2486.428,2507.825,2483.732,2493.187
20130402,2495.843,2524.463,2475,2486.391
20130403,2493.877,2507.143,2474.927,2483.547
20130408,2443.24,2473.309,2429.5,2472.299
20130409,2477.29,2505.294,2477.29,2489.43
20130410,2487.984,2495.572,2466.19,2485.309
20130411,2502.5,2508.593,2476.396,2477.876
20130412,2476.322,2489.118,2460.182,2462.112
20130415,2453.967,2461.668,2430.149,2436.818
20130416,2419.508,2461.046,2416.617,2459.592
20130417,2457.881,2465.202,2437.345,2458.473
20130418,2440.707,2478.413,2434.73,2464.851
20130419,2469.951,2542.453,2469.323,2533.827
20130422,2525.113,2539.046,2518.257,2530.67
20130423,2532.201,2532.201,2448.2,2449.471
20130424,2452.781,2511.202,2446.587,2495.579
20130425,2486.857,2505.482,2456.566,2467.875
20130426,2477.724,2488.585,2439.796,2447.306
20130502,2434.603,2453.749,2423.077,2449.639
20130503,2457.543,2521.119,2457.543,2492.912
20130506,2502.978,2533.855,2500.455,2525.983
20130507,2519.364,2539.298,2507.756,2529.938
20130508,2542.266,2562.007,2531.251,2542.798
20130509,2542.374,2543.305,2507.792,2527.794
20130510,2519.517,2546.975,2515.158,2540.836
20130513,2542.412,2547.602,2516.728,2530.768
20130514,2525.998,2526.145,2479.872,2493.338
20130515,2493.968,2507.43,2491.927,2506.925
20130516,2501.117,2553.058,2487.763,2552.709
20130517,2550.452,2598.706,2547.776,2592.048
20130520,2597.151,2627.616,2590.053,2609.607
20130521,2607.393,2617.4,2594.249,2614.853
20130522,2613.411,2630.068,2603.75,2618.034
20130523,2604.93,2624.076,2579.347,2582.849
20130524,2591.419,2608.35,2572.884,2597.228
20130527,2593.522,2611.972,2589.739,2599.587
20130528,2600.632,2644.359,2585.901,2644.359
20130529,2648.927,2661.229,2640.881,2642.561
20130530,2633.955,2647.443,2623.581,2634.323
20130531,2638.71,2645.565,2604.746,2606.426
20130603,2605.969,2625.936,2596.051,2602.623
20130604,2600.499,2600.499,2556.056,2565.666
20130605,2565.329,2570.027,2545.19,2560.539
20130606,2552.817,2557.678,2525.306,2527.845
20130607,2526.913,2538.891,2475.687,2484.16
20130613,2448.717,2448.717,2375.204,2399.937
20130614,2404.423,2420.356,2396.487,2416.771
20130617,2422.762,2427.532,2394.385,2403.839
20130618,2413.088,2424.202,2393.321,2418.745
20130619,2408.28,2408.28,2366.346,2400.765
20130620,2386.104,2386.104,2320.226,2321.466
20130621,2283.151,2332.842,2269.565,2317.394
20130624,2308.069,2308.069,2164.325,2171.21
20130625,2146.053,2169.211,2023.171,2165.421
20130626,2170.326,2181.021,2131.86,2168.297
20130627,2172.848,2200.213,2153.175,2160.735
20130628,2149.03,2227.461,2139.372,2200.639
20130701,2187.092,2213.965,2166.353,2213.317
20130702,2211.803,2226.113,2191.801,2221.984
20130703,2211.044,2211.044,2169.137,2203.828
20130704,2187.181,2245.908,2176.08,2221.979
20130705,2227.35,2252.033,2225.047,2226.849
20130708,2194.423,2205.214,2162.189,2163.619
20130709,2160.699,2174.786,2149.787,2162.669
20130710,2163.098,2224.135,2157.468,2224.065
20130711,2232.157,2351.223,2232.157,2326.688
20130712,2319.023,2331.986,2274.073,2275.373
20130715,2289.762,2336.04,2274.673,2307.297
20130716,2300.83,2317.848,2281.942,2317.848
20130717,2311.443,2326.925,2281.609,2282.836
20130718,2272.947,2282.435,2241.93,2245.328
20130719,2248.133,2257.916,2188.752,2190.478
20130722,2170.089,2203.058,2159.813,2202.189
20130723,2211.587,2276.742,2206.756,2265.845
20130724,2253.376,2265.578,2217.192,2249.151
20130725,2255.223,2268.839,2227.853,2237.683
20130726,2226.429,2238.42,2209.806,2224.008
20130729,2205.083,2205.083,2169.017,2175.97
20130730,2184.007,2221.589,2162.979,2189.388
20130731,2211.75,2235.384,2187.21,2193.021
20130801,2206.004,2245.56,2200.626,2245.364
20130802,2263.495,2274.71,2244.252,2247.263
20130805,2249.976,2278.329,2243.22,2278.329
20130806,2270.672,2302.484,2256.715,2293.641
20130807,2292.379,2313.879,2276.862,2280.623
20130808,2277.253,2297.628,2267.073,2276.782
20130809,2288.51,2301.59,2258.334,2286.01
20130812,2296.22,2352.89,2293.176,2352.794
20130813,2352.883,2360.827,2340.733,2359.068
20130814,2362.619,2386.599,2340.833,2349.08
20130815,2348.839,2362.089,2319.784,2321.576
20130816,2314.261,2423.081,2295.023,2304.144
20130819,2286.203,2340.194,2284.077,2331.43
20130820,2325.862,2353.409,2303.666,2312.465
20130821,2320.584,2321.642,2291.053,2308.589
20130822,2302.668,2329.143,2297.016,2303.932
20130823,2314.866,2321.037,2251.92,2286.929
20130826,2294.759,2336.381,2288.496,2335.616
20130827,2332.8,2345.105,2322.461,2340.881
20130828,2326.096,2345.358,2307.043,2328.056
20130829,2338.564,2342.32,2308.145,2318.311
20130830,2315.913,2334.413,2303.609,2313.91
20130902,2319.957,2329.867,2297.449,2320.344
20130903,2326.231,2354.856,2321.304,2354.502
20130904,2352.537,2360.663,2345.437,2350.699
20130905,2350.927,2351.218,2336.754,2341.735
20130906,2336.767,2361.178,2335.932,2357.782
20130909,2374.26,2449.249,2372.686,2440.609
20130910,2446.454,2475.195,2435.826,2474.894
20130911,2483.791,2504.469,2471.624,2482.889
20130912,2480.468,2527.383,2469.718,2507.455
20130913,2502.54,2515.781,2481.454,2488.902
20130916,2501.077,2503.694,2467.129,2478.39
20130917,2480.81,2481.71,2426.462,2427.322
20130918,2426.04,2439.626,2407.243,2432.51
20130923,2441.516,2473.163,2439.993,2472.288
20130924,2470.715,2470.746,2420.085,2443.885
20130925,2440.835,2455.037,2423.276,2429.03
20130926,2422.631,2422.631,2382.535,2384.443
20130927,2382.218,2402.196,2379.856,2394.971
20130930,2406.205,2415.075,2397.22,2409.037
20131008,2406.415,2446.703,2392.572,2441.811
20131009,2432.94,2453.746,2424.769,2453.583
20131010,2455.64,2455.979,2422.017,2429.317
20131011,2442.364,2471.165,2439.634,2468.508
20131014,2472.267,2483.131,2462.551,2472.542
20131015,2475.324,2479.134,2449.416,2467.517
20131016,2459.077,2459.077,2409.718,2421.371
20131017,2432.645,2440.919,2407.777,2413.33
20131018,2415.118,2435.712,2410.599,2426.054
20131021,2431.915,2472.785,2423.562,2471.322
20131022,2470.255,2470.255,2439.859,2445.891
20131023,2451.556,2474.372,2412.483,2418.491
20131024,2412.235,2422.943,2395.474,2400.511
20131025,2400.517,2413.332,2353.993,2368.559
20131028,2372.571,2377.249,2351.862,2365.954
20131029,2369.216,2408.616,2327.904,2372.053
20131030,2371.853,2407.851,2365.506,2407.471
20131031,2398.395,2398.395,2370.226,2373.718
20131101,2373.962,2395.005,2365.146,2384.96
20131104,2397.21,2404.896,2376.355,2380.454
20131105,2366.884,2385.688,2343.801,2383.769
20131106,2371.324,2383.54,2352.787,2353.568
20131107,2351.871,2356.672,2328.253,2340.552
20131108,2329.084,2342.672,2306.041,2307.945
20131111,2305.94,2325.228,2295.003,2315.889
20131112,2319.362,2342.529,2316.603,2340
20131113,2325.36,2325.563,2287.547,2288.116
20131114,2291.269,2305.696,2279.006,2304.501
20131115,2306.549,2377.211,2306.549,2350.734
20131118,2367.883,2429.566,2361.038,2428.903
20131119,2427.928,2427.928,2405.076,2412.163
20131120,2428.767,2435.427,2406.417,2424.85
20131121,2412.451,2415.383,2382.878,2409.989
20131122,2415.29,2418.999,2393.581,2397.962
20131125,2385.784,2418.853,2380.689,2388.629
20131126,2387.826,2399.022,2380.412,2387.416
20131127,2386.362,2422.806,2383.78,2414.481
20131128,2419.15,2460.556,2417.235,2439.53
20131129,2442.676,2446.395,2432.387,2438.944
20131202,2423.969,2464.863,2397.007,2418.788
20131203,2410.693,2448.333,2406.663,2442.784
20131204,2439.824,2486.64,2434.694,2475.135
20131205,2476.453,2481.747,2460.576,2468.197
20131206,2463.043,2470.813,2445.623,2452.287
20131209,2460.028,2468.948,2445.94,2450.872
20131210,2456.23,2466.66,2444.526,2453.322
20131211,2440.503,2440.503,2400.742,2412.763
20131212,2406.766,2423.309,2402.769,2410.015
20131213,2388.659,2416.26,2386.246,2406.639
20131216,2408.678,2412.734,2367.43,2367.923
20131217,2369.255,2373.286,2351.183,2356.376
20131218,2356.703,2368.583,2350.451,2357.226
20131219,2366.205,2370.991,2331.194,2332.41
20131220,2335.052,2338.875,2278.096,2278.136
20131223,2283.8,2295.765,2259.575,2284.602
20131224,2291.125,2312.832,2270.245,2288.248
20131225,2291.748,2305.609,2281.6,2305.11
20131226,2299.972,2301.493,2263.922,2265.334
20131227,2268.535,2315.182,2264.386,2303.478
20131230,2313.38,2316.621,2295.641,2299.458
20131231,2289.01,2333.074,2287.117,2330.026
20140102,2323.433,2325.991,2310.653,2321.978
20140103,2311.968,2314.836,2280.887,2290.779
20140106,2286.371,2286.371,2229.334,2238.637
20140107,2222.306,2246.791,2218.647,2238.001
20140108,2240.635,2262.584,2228.418,2241.911
20140109,2236.967,2258.894,2220.802,2222.221
20140110,2216.521,2224.494,2200.215,2204.851
20140113,2206.996,2222.072,2183.597,2193.679
20140114,2192.844,2214.124,2179.908,2212.846
20140115,2210.024,2215.903,2193.802,2208.941
20140116,2209.448,2227.262,2201.56,2211.844
20140117,2203.821,2205.972,2175.876,2178.488
20140120,2173.651,2182.463,2156.458,2165.993
20140121,2168.42,2197.923,2168.42,2187.41
20140122,2190.432,2244.133,2187.534,2243.796
20140123,2242.245,2248.924,2228.057,2231.889
20140124,2225.758,2257.355,2222.893,2245.678
20140127,2233.015,2233.231,2211.799,2215.919
20140128,2220.785,2233.257,2205.972,2219.855
20140129,2225.711,2233.057,2219.928,2227.781
20140130,2223.163,2223.163,2200.224,2202.45
20140207,2187.343,2212.498,2177.117,2212.483
20140210,2221.54,2270.194,2221.54,2267.534
20140211,2267.735,2296.516,2262.599,2285.562
20140212,2286.187,2294.317,2276.444,2291.246
20140213,2288.451,2307.474,2278.261,2279.554
20140214,2278.4,2295.852,2274.429,2295.575
20140217,2308.791,2315.579,2293.552,2311.647
20140218,2310.309,2310.309,2276.108,2282.442
20140219,2280.927,2317.42,2274.152,2308.656
20140220,2314.088,2331.698,2286.203,2287.436
20140221,2284.03,2287.869,2250.652,2264.294
20140224,2246.715,2246.715,2194.164,2214.509
20140225,2216.515,2225.209,2150.095,2157.909
20140226,2147.737,2164.698,2137.079,2163.405
20140227,2170.81,2180.063,2150.135,2154.108
20140228,2149.446,2180.474,2133.548,2178.971
20140303,2173.907,2194.224,2167.91,2190.37
20140304,2183.858,2188.601,2161.589,2184.273
20140305,2187.352,2189.093,2159.595,2163.976
20140306,2159.397,2181.427,2136.454,2173.634
20140307,2170.043,2189.39,2161.436,2168.358
20140310,2149.676,2149.676,2095.067,2097.787
20140311,2092.608,2118.79,2088.729,2108.661
20140312,2102.801,2130.586,2090.757,2114.134
20140313,2119.547,2149.436,2115.986,2140.333
20140314,2129.87,2140.384,2109.575,2122.836
20140317,2132.793,2143.196,2118.953,2143.038
20140318,2146.124,2152.462,2134.923,2138.133
20140319,2131.283,2131.283,2101.285,2120.87
20140320,2116.185,2134.792,2086.497,2086.967
20140321,2079.871,2163.225,2077.759,2158.798
20140324,2161.898,2186.731,2150.871,2176.554
20140325,2170.78,2191.491,2164.669,2174.44
20140326,2181.231,2186.078,2165.217,2171.047
20140327,2168.344,2186.893,2146.916,2155.707
20140328,2154.515,2172.668,2144.584,2151.965
20140331,2156.054,2165.254,2134.422,2146.305
20140401,2143.717,2170.095,2141.151,2163.115
20140402,2166.067,2182.683,2164.008,2180.727
20140403,2188.642,2196.138,2160.747,2165.008
20140404,2157.982,2186.154,2155.277,2185.472
20140408,2179.92,2243.97,2178.905,2237.316
20140409,2239.791,2246.793,2228.994,2238.62
20140410,2241.452,2290.742,2229.515,2273.761
20140411,2269.565,2281.105,2261.133,2270.666
20140414,2267.943,2275.83,2255.456,2268.613
20140415,2261.411,2261.474,2225.685,2229.463
20140416,2223.468,2245.315,2221.153,2232.526
20140417,2238.779,2241.622,2221.954,2224.803
20140418,2215.879,2228.77,2203.047,2224.479
20140421,2209.942,2231.707,2186.755,2187.248
20140422,2184.017,2196.849,2165.075,2196.795
20140423,2191.231,2205.594,2187.388,2194.668
20140424,2192.769,2209.454,2186.763,2190.474
20140425,2195.815,2201.712,2167.64,2167.826
20140428,2165.773,2171.385,2132.695,2134.969
20140429,2134.413,2159.379,2131.783,2158.47
20140430,2158.762,2164.175,2153.124,2158.659
20140505,2152.59,2161.703,2131.232,2156.47
20140506,2151.388,2173.618,2150.112,2157.328
20140507,2151.472,2153.723,2136.99,2137.316
20140508,2132.036,2168.206,2128.318,2135.496
20140509,2138.84,2141.559,2120.595,2133.911
20140512,2150.313,2184.332,2139.483,2180.054
20140513,2180.059,2185.046,2167.767,2174.852
20140514,2175.094,2184.221,2168.997,2172.372
20140515,2169.278,2171.453,2142.338,2144.084
20140516,2143.926,2150.5,2132.186,2145.952
20140519,2139.362,2139.362,2105.713,2115.143
20140520,2124.708,2131.567,2110.72,2115.771
20140521,2106.762,2136.1,2096.514,2135.905
20140522,2134.087,2160.909,2128.858,2130.868
20140523,2130.775,2148.583,2128.663,2148.414
20140526,2161.892,2165.421,2147.445,2155.976
20140527,2154.395,2160.027,2145.752,2147.28
20140528,2147.467,2171.172,2142.007,2169.352
20140529,2171.26,2178.092,2154.925,2155.164
20140530,2156.381,2166.907,2146.218,2156.464
20140603,2157.64,2168.995,2149.291,2149.918
20140604,2149.407,2149.452,2117.313,2128.274
20140605,2126.607,2150.93,2123.524,2150.602
20140606,2149.214,2149.783,2123.98,2134.716
20140609,2128.225,2153.903,2126.665,2134.281
20140610,2138.671,2161.526,2132.447,2161.268
20140611,2156.151,2163.61,2152.08,2160.766
20140612,2156.761,2160.988,2148.413,2153.41
20140613,2150.987,2183.645,2150.569,2176.242
20140616,2176.438,2196.343,2174.277,2191.855
20140617,2185.681,2185.681,2168.445,2169.674
20140618,2169.252,2172.549,2158.497,2160.239
20140619,2161.426,2166.407,2119.498,2126.907
20140620,2124.963,2137.034,2120.807,2136.729
20140623,2137.926,2147.227,2132.454,2134.11
20140624,2131.686,2145.213,2130.292,2144.821
20140625,2141.726,2141.726,2126.035,2133.371
20140626,2135.156,2151.114,2134.891,2149.076
20140627,2146.374,2159.526,2138.927,2150.258
20140630,2152.306,2168.221,2152.306,2165.118
20140701,2169.199,2171.15,2157.133,2164.559
20140702,2163.998,2171.51,2155.609,2170.867
20140703,2169.003,2184.964,2164.843,2180.192
20140704,2180.445,2183.798,2174.073,2178.695
20140707,2178.546,2186.202,2171.083,2176.289
20140708,2174.828,2180.778,2163.359,2180.473
20140709,2178.135,2178.51,2148.26,2148.71
20140710,2146.601,2151.774,2139.522,2142.847
20140711,2136.317,2154.735,2134.795,2148.009
20140714,2149.542,2171.902,2145.278,2171.758
20140715,2170.089,2176.272,2165.206,2174.976
20140716,2172.824,2183.248,2166.774,2170.868
20140717,2166.831,2166.932,2147.084,2157.068
20140718,2147.663,2176.325,2145.446,2164.144
20140721,2164.223,2171.94,2158.955,2166.295
20140722,2162.436,2197.592,2162.236,2192.698
20140723,2191.394,2210.282,2190.555,2197.833
20140724,2199.833,2239.815,2199.833,2237.015
20140725,2243.067,2260.89,2239.066,2260.454
20140728,2272.383,2331.472,2272.383,2323.897
20140729,2326.038,2342.77,2316.217,2331.369
20140730,2324.69,2339.038,2316.058,2322.011
20140731,2321.967,2350.551,2316.585,2350.251
20140801,2341.227,2371.5,2328.966,2329.402
20140804,2336.63,2375.62,2332.138,2375.62
20140805,2376.797,2380.774,2353.795,2369.353
20140806,2358.206,2371.667,2334.334,2363.221
20140807,2363.608,2369.204,2326.268,2327.457
20140808,2329.184,2339.27,2319.288,2331.134
20140811,2338.008,2367.004,2337.014,2365.349
20140812,2361.17,2361.17,2344.716,2357.052
20140813,2358.459,2370.513,2335.694,2358.901
20140814,2357.198,2363.18,2334.08,2335.945
20140815,2337.985,2366.902,2333.123,2360.635
20140818,2366.272,2379.804,2361.197,2374.562
20140819,2378.886,2379.474,2358.965,2374.768
20140820,2371.649,2375.475,2360.837,2366.14
20140821,2365.731,2367.46,2333.299,2354.244
20140822,2352.316,2368.457,2350.986,2365.364
20140825,2367.019,2367.606,2338.455,2342.863
20140826,2339.6,2350.391,2317.184,2324.092
20140827,2323.79,2336.737,2322.885,2327.595
20140828,2328.059,2336.363,2309.639,2311.278
20140829,2317.304,2338.774,2313.262,2338.287
20140901,2340.925,2355.552,2338.53,2355.317
20140902,2359.862,2387.655,2349.949,2386.46
20140903,2389.694,2414.26,2389.679,2408.838
20140904,2411.934,2427.297,2404.082,2426.224
20140905,2433.174,2450.634,2427.987,2449.259
20140909,2452.227,2454.893,2437.078,2445.224
20140910,2435.593,2437.081,2422.646,2432.433
20140911,2430.678,2461.473,2417.269,2423.454
20140912,2418.752,2438.358,2412.622,2438.358
20140915,2433.001,2439.254,2418.959,2437.189
20140916,2440.339,2442.924,2386.98,2388.765
20140917,2395.361,2405.371,2379.091,2401.326
20140918,2396.379,2414.946,2389.622,2408.664
20140919,2409.313,2430.149,2402.313,2425.211
20140922,2419.326,2419.326,2374.108,2378.92
20140923,2379.521,2402.482,2379.521,2399.462
20140924,2391.419,2443.978,2387.07,2441.864
20140925,2453.423,2462.668,2429.587,2436.965
20140926,2430.808,2439.649,2420.499,2437.201
20140929,2443.91,2453.665,2435.611,2447.799
20140930,2452.166,2454.885,2444.204,2450.988
20141008,2460.87,2478.383,2445.268,2478.383
20141009,2480.197,2488.113,2461.112,2481.955
20141010,2472.096,2482.136,2457.684,2466.789
20141013,2457.412,2460.389,2430.546,2454.946
20141014,2451.094,2467.904,2436.336,2446.562
20141015,2444.538,2465.498,2431.188,2463.874
20141016,2448.968,2480.3,2441.822,2444.395
20141017,2443.222,2456.105,2410.401,2441.732
20141020,2448.453,2456.621,2441.896,2454.711
20141021,2453.406,2459.255,2432.552,2433.391
20141022,2434.886,2447.467,2417.562,2418.641
20141023,2415.44,2424.662,2392.532,2395.936
20141024,2397.848,2404.993,2385.725,2390.706
20141027,2377.542,2377.542,2361.68,2368.832
20141028,2373.155,2416.766,2373.155,2416.653
20141029,2423.813,2461.268,2415.703,2451.384
20141030,2450.361,2474.376,2443.759,2468.925
20141031,2473.501,2512.189,2466.504,2508.325
20141103,2515.824,2524.172,2502.06,2512.548
20141104,2511.036,2517.46,2498.605,2513.172
20141105,2516.87,2519.399,2499.228,2503.448
20141106,2505.167,2510.985,2482.983,2506.067
20141107,2508.765,2541.549,2489.419,2502.153
20141110,2529.83,2565.73,2514.71,2565.73
20141111,2578.438,2602.373,2532.572,2558.612
20141112,2545.403,2594.318,2539.601,2594.318
20141113,2597.389,2607.519,2567.463,2579.75
20141114,2569.211,2581.932,2557.666,2581.093
20141117,2613.513,2614.086,2565.943,2567.101
20141118,2565.273,2570.211,2534.927,2541.416
20141119,2538.233,2550.5,2531.318,2537.223
20141120,2528.78,2545.473,2522.836,2537.099
20141121,2537.538,2585.362,2530.032,2583.455
20141124,2614.16,2667.671,2602.944,2649.258
20141125,2650.085,2686.063,2643.843,2685.561
20141126,2695.263,2723.36,2690.31,2723.018
20141127,2737.03,2754.49,2718.704,2754.49
20141128,2753.925,2809.543,2740.374,2808.819
20141201,2825.611,2855.332,2808.653,2819.812
20141202,2807.338,2944.506,2804.293,2923.94
20141203,2936.124,3028.225,2912.246,2967.549
20141204,2975.403,3104.89,2968.876,3104.351
20141205,3143.968,3195.798,3011.936,3124.885
20141208,3108.272,3270.881,3075.7,3252.881
20141209,3233.097,3387.827,3074.516,3106.913
20141210,3120.212,3229.047,3058.191,3221.546
20141211,3185.161,3254.424,3158.443,3183.012
20141212,3182.923,3239.447,3167.928,3193.227
20141215,3176.829,3226.221,3143.297,3217.228
20141216,3221.358,3303.402,3207.688,3303.402
20141217,3325.82,3368.194,3275.736,3360.598
20141218,3359.09,3393.711,3322.229,3345.927
20141219,3345.629,3397.183,3280.916,3383.167
20141222,3396.251,3455.207,3357.661,3394.481
20141223,3358.798,3431.779,3316.913,3324.924
20141224,3332.146,3340.357,3188.495,3230.385
20141225,3254.48,3335.779,3226.322,3335.419
20141226,3343.64,3453.338,3335.012,3445.839
20141229,3502.183,3524.28,3405.836,3455.455
20141230,3450.814,3491.826,3422.174,3457.554
20141231,3462.389,3542.34,3452.498,3533.705
20150105,3566.089,3669.042,3551.51,3641.541
20150106,3608.428,3683.226,3587.231,3641.059
20150107,3620.924,3671.19,3601.698,3643.79
20150108,3650.073,3659.945,3552.1,3559.259
20150109,3547.574,3689.753,3536.395,3546.723
20150112,3531.515,3560.527,3461.322,3513.576
20150113,3506.451,3550.158,3494.768,3514.04
20150114,3522.907,3547.242,3471.56,3502.423
20150115,3501.719,3604.121,3482.27,3604.121
20150116,3616.248,3662.158,3601.258,3635.146
20150119,3414.013,3497.252,3330.981,3355.155
20150120,3336.793,3419.204,3325.681,3396.222
20150121,3420.491,3557.794,3409.43,3548.885
20150122,3551.052,3576.756,3520.053,3567.613
20150123,3582.088,3627.806,3548.626,3571.732
20150126,3580.118,3611.617,3559.376,3607.985
20150127,3614.038,3616.258,3510.017,3574.931
20150128,3547.239,3583.312,3512.393,3525.323
20150129,3474.915,3505.582,3453.901,3481.798
20150130,3496.885,3514.217,3431.936,3434.39
20150202,3360.193,3407.256,3347.085,3353.96
20150203,3388.602,3441.709,3360.717,3437.445
20150204,3446.144,3476.817,3399.565,3401.768
20150205,3487.951,3487.951,3366.862,3366.946
20150206,3352.33,3374.051,3285.935,3312.42
20150209,3305.734,3376.526,3298.597,3345.921
20150210,3345.077,3407.18,3339.548,3406.943
20150211,3415.977,3445.655,3412.136,3434.124
20150212,3435.361,3453.582,3405.627,3442.874
20150213,3458.827,3509.505,3452.079,3469.828
20150216,3473.289,3504.475,3466.607,3499.483
20150217,3511.544,3536.82,3511.093,3522.322
20150225,3529.55,3529.55,3463.955,3478.729
20150226,3473.713,3569.33,3456.871,3566.295
20150227,3565.233,3594.813,3560.455,3572.843
20150302,3603.452,3608.691,3566.527,3601.265
20150303,3579.315,3579.315,3504.201,3507.9
20150304,3514.667,3540.912,3497.172,3530.822
20150305,3513.249,3517.083,3467.676,3496.344
20150306,3501.184,3516.243,3472.392,3478.52
20150309,3449.696,3546.705,3417.486,3537.75
20150310,3523.64,3551.205,3511.985,3520.611
20150311,3524.575,3568.916,3512.218,3524.653
20150312,3557.686,3603.341,3536.534,3592.844
20150313,3604.671,3641.392,3594.742,3617.657
20150316,3641.773,3705.739,3621.119,3705.671
20150317,3733.961,3762.575,3716.809,3757.122
20150318,3769.086,3846.055,3763.848,3846.055
20150319,3851.249,3859.126,3809.706,3839.739
20150320,3852.492,3916.863,3832.416,3892.574
20150323,3923.083,3972.296,3922.21,3972.061
20150324,3980.066,3989.858,3883.782,3973.046
20150325,3961.578,3980.716,3913.988,3940.412
20150326,3921.745,3991.997,3892.878,3949.999
20150327,3957.542,3993.032,3932.87,3971.697
20150330,3999.024,4101.651,3999.024,4088.178
20150331,4138.885,4166.018,4037.771,4051.204
20150401,4057.501,4139.499,4046.939,4123.895
20150402,4149.946,4156.842,4068.649,4124.776
20150403,4104.672,4170.558,4092.383,4170.538
20150407,4213.894,4260.471,4197.019,4260.044
20150408,4277.45,4304.78,4204.826,4295.803
20150409,4316.958,4332.166,4212.611,4262.138
20150410,4249.383,4351.687,4231.196,4344.416
20150413,4394.047,4432.024,4361.589,4421.073
20150414,4432.126,4474.353,4385.908,4438.184
20150415,4439.314,4475.997,4379.609,4380.513
20150416,4355.491,4513.765,4335.63,4513.546
20150417,4578.679,4630.27,4553.904,4596.136
20150420,4615.034,4671.168,4492.6,4521.919
20150421,4520.461,4620.058,4504.558,4619.164
20150422,4637.055,4740.933,4632.589,4739.814
20150423,4764.481,4782.044,4693.967,4740.892
20150424,4682.626,4730.43,4618.318,4702.641
20150427,4753.871,4810.485,4735.31,4807.592
20150428,4811.319,4839.078,4703.567,4741.861
20150429,4722.903,4797.927,4695.793,4774.326
20150430,4788.412,4818.725,4749.485,4749.886
20150504,4757.637,4795.915,4699.398,4787.741
20150505,4785.192,4785.192,4572.983,4596.837
20150506,4626.231,4700.909,4511.761,4553.327
20150507,4520.818,4546.338,4467.459,4470.089
20150508,4515.554,4559.058,4445.592,4558.404
20150511,4582.091,4690.954,4535.149,4690.532
20150512,4692.122,4748.004,4660.016,4747.421
20150513,4746.713,4758.002,4678.845,4718.436
20150514,4717.955,4735.284,4670.168,4700.778
20150515,4690.755,4690.755,4592.05,4617.47
20150518,4582.058,4623.383,4565.061,4575.14
20150519,4577.637,4740.005,4577.637,4731.222
20150520,4751.572,4843.1,4745.21,4754.919
20150521,4768.689,4841.615,4746.029,4840.976
20150522,4895.925,4951.991,4870.598,4951.335
20150525,4949.11,5099.839,4949.11,5099.495
20150526,5140.798,5199.295,5063.146,5198.918
20150527,5216.17,5226.844,5126.861,5181.434
20150528,5174.101,5213.183,4831.329,4834.007
20150529,4839.53,4924.303,4665.521,4840.829
20150601,4862.756,5079.319,4835.774,5076.179
20150602,5091.272,5162.556,5047.081,5161.87
20150603,5176.597,5186.967,5059.495,5143.59
20150604,5156.012,5194.233,4863.465,5181.416
20150605,5254.905,5288.34,5104.178,5230.552
20150608,5259.408,5370.609,5202.595,5353.751
20150609,5379.47,5380.426,5251.208,5317.461
20150610,5254.304,5374.83,5209.68,5309.112
20150611,5305.141,5329.295,5248.163,5306.59
20150612,5329.278,5351.648,5283.086,5335.115
20150615,5354.014,5362.452,5207.308,5221.167
20150616,5165.025,5204.303,5015.265,5064.821
20150617,5072.306,5158.367,4949.293,5138.831
20150618,5107.695,5121.218,4926.429,4930.549
20150619,4847.057,4910.45,4634.691,4637.052
20150623,4641.425,4786.955,4455.33,4786.091
20150624,4811.595,4883.732,4744.306,4880.126
20150625,4906.242,4919.263,4667.224,4706.516
20150626,4573.872,4650.186,4278.675,4336.195
20150629,4446.842,4451.166,4000.926,4191.549
20150630,4161.067,4475.767,4016.013,4472.998
20150701,4408.984,4526.127,4235.696,4253.021
20150702,4287.734,4312.19,4000.061,4107.996
20150703,4017.202,4164.629,3785.902,3885.917
20150706,4218.266,4218.266,3832.468,3998.537
20150707,3877.854,3960.636,3743.624,3928.003
20150708,3651.06,3762.622,3612.254,3663.038
20150709,3621.68,3930.264,3537.826,3897.626
20150710,3916.272,4179.111,3887.551,4106.556
20150713,4132.231,4278.161,4072.43,4211.812
20150714,4178.63,4258.513,4062.5,4112.149
20150715,4068.88,4114.243,3899.508,3966.759
20150716,3949.639,4067.022,3856.321,3997.356
20150717,4023.757,4190.186,4000.231,4151.496
20150720,4157.06,4221.693,4106.389,4160.612
20150721,4109.761,4201.482,4081.704,4166.006
20150722,4148.56,4187.431,4094.712,4157.16
20150723,4158.932,4262.062,4148.824,4250.805
20150724,4255.198,4299.65,4154.617,4176.279
20150727,4097.796,4156.313,3817.169,3818.731
20150728,3690.974,3883.446,3627.421,3811.093
20150729,3839.959,3934.003,3769.189,3930.379
20150730,3915.78,3968.534,3802.882,3815.412
20150731,3777.155,3863.624,3757.989,3816.699
20150803,3766.072,3829.235,3742.578,3829.235
20150804,3827.373,3948.449,3801.028,3948.155
20150805,3937.623,3962.277,3858.66,3866.9
20150806,3802.928,3888.693,3793.237,3831.852
20150807,3866.43,3926.649,3857.908,3906.945
20150810,3947.472,4101.731,3932.842,4084.365
20150811,4083.589,4110.133,4042.004,4066.669
20150812,4025.674,4078.03,4015.355,4016.126
20150813,4010.013,4075.7,3967.821,4075.463
20150814,4097.918,4113.159,4056.727,4073.54
20150817,4058.113,4081.772,4009.99,4077.872
20150818,4084.311,4103.054,3816.554,3825.412
20150819,3748.266,3898.74,3668.192,3886.136
20150820,3848.403,3880.824,3761.454,3761.454
20150821,3714.289,3757.779,3578.175,3589.536
20150824,3454.598,3468.149,3266.55,3275.534
20150825,3070.007,3200.108,3019.556,3042.927
20150826,3062.566,3192.932,2952.008,3025.692
20150827,3092.812,3206.724,3028.398,3205.638
20150828,3246.236,3353.244,3223.622,3342.286
20150831,3307.396,3368.279,3205.537,3366.536
20150901,3296.529,3370.504,3190.578,3362.083
20150902,3220.851,3387.02,3213.637,3365.832
20150907,3347.293,3422.225,3240.243,3250.485
20150908,3221.789,3340.219,3170.807,3334.023
20150909,3344.824,3426.651,3330.29,3399.305
20150910,3349.281,3398.316,3337.311,3357.561
20150911,3349.877,3383.134,3315.478,3347.188
20150914,3367.642,3373.921,3187.566,3281.132
20150915,3208.744,3240.079,3131.98,3152.232
20150916,3149.158,3345.918,3131.37,3309.248
20150917,3287.657,3354.905,3236.999,3236.999
20150918,3254.443,3280.877,3227.834,3251.273
20150921,3222.603,3312.55,3211.934,3308.247
20150922,3312.366,3371.414,3303.184,3339.03
20150923,3290.071,3315.935,3253.333,3263.028
20150924,3278.896,3300.857,3255.902,3284.999
20150925,3272.665,3290.858,3201.914,3231.951
20150928,3226.607,3246.554,3186.507,3242.752
20150929,3197.221,3208.417,3159.042,3178.854
20150930,3195.901,3223.908,3186.767,3202.948
20151008,3324.981,3337.331,3294.605,3296.482
20151009,3302.36,3352.379,3293.965,3340.116
20151012,3351.139,3486.631,3347.251,3447.693
20151013,3422.477,3452.045,3413.967,3445.043
20151014,3431.135,3458.702,3403.231,3406.112
20151015,3403.389,3486.815,3402.316,3486.815
20151016,3508.518,3537.539,3487.104,3534.065
20151019,3548.953,3572.995,3502.505,3534.182
20151020,3527.875,3577.798,3510.437,3577.703
20151021,3580.838,3601.243,3417.412,3473.254
20151022,3453.201,3530.766,3442.307,3524.534
20151023,3536.843,3581.836,3515.822,3571.241
20151026,3614.702,3620.756,3561.192,3589.261
20151027,3569.449,3601.053,3486.102,3592.879
20151028,3575.805,3598.172,3517.21,3524.92
20151029,3539.978,3561.814,3507.966,3533.307
20151030,3530.223,3574.473,3497.568,3534.079
20151102,3489.225,3543.45,3474.712,3475.962
20151103,3484.722,3501.704,3452.62,3465.493
20151104,3477.159,3628.538,3477.159,3628.538
20151105,3630.782,3781.409,3627.301,3705.97
20151106,3698.342,3801.705,3694.657,3793.374
20151109,3796.379,3891.773,3796.379,3840.355
20151110,3806.669,3876.49,3798.821,3833.238
20151111,3828.448,3843.112,3781.41,3833.646
20151112,3841.738,3843.9,3771.274,3795.324
20151113,3756.204,3793.713,3727.585,3746.242
20151116,3682.735,3764.409,3680.073,3764.126
20151117,3790.426,3852.774,3750.157,3758.387
20151118,3760.456,3771.847,3706.31,3715.58
20151119,3725.622,3775.232,3714.675,3774.969
20151120,3778.884,3793.545,3757.026,3774.383
20151123,3774.436,3802.851,3743.405,3753.335
20151124,3745.761,3754.169,3702.737,3753.889
20151125,3747.759,3781.857,3735.716,3781.607
20151126,3795.245,3805.844,3756.823,3759.429
20151127,3739.096,3742.742,3534.39,3556.992
20151130,3554.89,3587.97,3455.068,3566.412
20151201,3562.319,3617.305,3536.116,3591.696
20151202,3587.758,3725.854,3573.403,3721.955
20151203,3709.547,3758.446,3693.137,3749.299
20151204,3719.734,3726.124,3667.291,3677.592
20151207,3681.582,3699.337,3658.578,3687.607
20151208,3668.839,3668.839,3619.445,3623.02
20151209,3613.42,3655.159,3611.49,3635.938
20151210,3634.366,3678.318,3615.991,3623.084
20151211,3605.372,3630.744,3578.146,3608.059
20151214,3573.884,3712.503,3570.998,3711.322
20151215,3707.73,3717.357,3679.23,3694.389
20151216,3703.95,3713.09,3677.45,3685.44
20151217,3712.783,3768.844,3709.851,3755.888
20151218,3754.96,3810.218,3750.925,3767.913
20151221,3762.097,3877.82,3759.989,3865.965
20151222,3872.098,3880.468,3841.593,3876.733
20151223,3877.872,3926.686,3862.965,3866.381
20151224,3858.135,3867.679,3787.084,3829.402
20151225,3832.085,3848.025,3813.204,3838.201
20151228,3847.532,3853.389,3727.632,3727.632
20151229,3723.05,3762.052,3710.48,3761.875
20151230,3762.914,3765.657,3726.278,3765.175
20151231,3760.904,3772.617,3727.325,3731.005
